-- phpMyAdmin SQL Dump
-- version 4.1.14
-- http://www.phpmyadmin.net
--
-- Client :  127.0.0.1
-- Généré le :  Ven 05 Mai 2017 à 15:26
-- Version du serveur :  5.6.17
-- Version de PHP :  5.5.12

SET SQL_MODE = "NO_AUTO_VALUE_ON_ZERO";
SET time_zone = "+00:00";


/*!40101 SET @OLD_CHARACTER_SET_CLIENT=@@CHARACTER_SET_CLIENT */;
/*!40101 SET @OLD_CHARACTER_SET_RESULTS=@@CHARACTER_SET_RESULTS */;
/*!40101 SET @OLD_COLLATION_CONNECTION=@@COLLATION_CONNECTION */;
/*!40101 SET NAMES utf8 */;

--
-- Base de données :  `ef_stage`
--

-- --------------------------------------------------------

--
-- Structure de la table `activites`
--

CREATE TABLE IF NOT EXISTS `activites` (
  `nom_activite` varchar(60) NOT NULL,
  `ville` varchar(60) NOT NULL,
  `prix_activite` int(11) NOT NULL,
  `duree` int(11) NOT NULL,
  `type_activite` varchar(60) NOT NULL,
  `description_activite` text NOT NULL,
  `jours_dispo` varchar(60) NOT NULL,
  `id_activite` varchar(60) NOT NULL
) ENGINE=InnoDB DEFAULT CHARSET=latin1;

--
-- Contenu de la table `activites`
--

INSERT INTO `activites` (`nom_activite`, `ville`, `prix_activite`, `duree`, `type_activite`, `description_activite`, `jours_dispo`, `id_activite`) VALUES
('Discover Versailles', 'Versailles', 283, 5, 'Excursion', 'Discover Versailles !\nIn a private tour, visit the world’s most famous palace and its Hall of Mirrors, built for the Sun King Louis XIV. Admire the Versailles’ geometrical and rigorous gardens full of magnificent fountains.', 'Mon, Tue, Wed, Thu, Fri, Sat, Sun', 'Discover_versailles'),
('Medieval', 'Paris', 240, 3, 'Excursion', 'Learn the history and legends of the world’s most famous gothic cathedral. Be amazed by the incredible combination of light and colors of the Sainte-Chapelle’s stained-glass windows Walk the halls of Paris’ oldest royal palace..\r\nIncluded: Skip-the-line entrance to the Sainte-Chapelle and the Conciergerie.\r\nFree for children under 18\r\nMeeting place : The statue of Charlemagne on horseback next to the facade of Notre-Dame.', 'Mon, Tue, Wed, Thu, Fri, Sat, Sun', 'Medieval'),
('Marais Boutique Tour', 'Paris', 214, 3, 'Shopping', 'A shopping walk in the Marais, the oldest neighbourhood in Paris, which is nowadays a very swinging and elegant district.  We can also go,as you wish, in an other area!Your guide is a french young woman, born in Paris who knows all the secret shopping address.', 'Mon, Tue, Wed, Thu, Fri, Sat', 'Marais_boutique_tour'),
('Louvre Museum', 'Paris', 210, 2, 'Museums', 'See the most important works in the world’s largest museum without getting lost or feeling intimidated by the huge number of rooms in the Louvre Spend the most of your time focusing on art without waiting in line at the museum for a long time...', 'Mon, Tue, Wed, Thu, Fri, Sat, Sun', 'Louvre_museum'),
('Paris on bicycle !', 'Paris', 229, 3, 'Excursion', 'Paris on bicycle !\r\nParis is the perfect city to go around on a bicycle... You just need to know where are the quiet streets, without many cars, and in which direction to go. Just follow us!', 'Mon, Tue, Wed, Thu, Fri, Sat, Sun', 'Paris_on_bicycle'),
('For the Lovers', 'Paris', 250, 4, 'Excursion', 'Do you know where are the most romantic spots in Paris? I will show you them and take pictures of you.... (We will use your camera.) You will spend an unforgettable moment, and have some amazing pictures of your couple!', 'Mon, Tue, Wed, Thu, Fri, Sat', 'For_the_lovers'),
('Paris Food Tour I', 'Paris', 252, 3, 'French Gastronomy', 'Paris food tour (1-2 people)\r\nBecome an expert of French food and wines Taste the finest quality products including charcuterie, cheeses, pastries and wine... Yummy!', 'Mon, Tue, Wed, Thu, Fri, Sat, Sun', 'Paris_food_tour_i'),
('Paris Food Tour II', 'Paris', 294, 3, 'French Gastronomy', 'Discover Montmartre’s gourmet side and visit a typical Parisian apartment...', 'Mon, Tue, Wed, Thu, Fri, Sat, Sun', 'Paris_food_tour_ii'),
('French Cooking', 'Paris', 464, 3, 'French Gastronomy', 'First of all, you will buy the products with Anne at the local market, Marché d''Aligre. Then, Anne will welcome you in her lovely appartment near Bastille for the cooking class. Finally, you will share the delicious meal !', 'Mon, Tue, Wed, Thu, Fri, Sat', 'French_cooking'),
('The Marie Antoinette Tour', 'Paris', 214, 4, 'French Gastronomy', 'The Marie Antoinette Tour. This tour lasts 4 hours, and proposes a tasting of chocolate and macaron . Your guide has a master’s degree in History from the Sorbonne, with a focus on the 18th century. This tour is about the refined pleasures, aesthetic and culinary, of 17th-18th...', 'Mon, Tue, Wed, Thu, Fri, Sat', 'The_marie_antoinette_tour'),
('Montmartre Walking Tour', 'Paris', 210, 2, 'Sightseeing Tour', 'Montmartre Walking Tour. Enjoy the breath-taking view of Paris from the top of the hill Walk down the picturesque hilly streets of Montmartre with its windmills and vineyards Listen to stories of the lives of bohemian artists such as Picasso, Modigliani, Dali, Van Gogh...', 'Mon, Tue, Wed, Thu, Fri, Sat', 'Montmartre_walking_tour'),
('The best of Paris in One day !', 'Paris', 231, 4, 'Sightseeing Tour', 'The best of Paris in One day ! See Paris’ most famous landmarks and learn the main facts about its history Get useful information from a local guide about monuments, public transport, restaurants, etc. for your stay in Paris Customise your tour and include sights or museums!', 'Mon, Tue, Wed, Thu, Fri, Sat, Sun', 'The_best_of_paris_in_one_day'),
('Paris in One day (Full day)', 'Paris', 368, 8, 'Sightseeing Tour', 'Paris in One day (Full day). See Paris’ most famous landmarks and learn the main facts about its history Get useful information from a local guide about monuments, public transport, restaurants, etc. for your stay in Paris Customise your tour and include sights or museums!', 'Mon, Tue, Wed, Thu, Fri, Sat, Sun', 'Paris_in_one_day_full_day'),
('Paris by car', 'Paris', 214, 4, 'Sightseeing Tour', 'Paris by car.\r\nYou will admire the magnificence of the monuments of Paris without overexerting yourself: the Louvre, Montmartre, the Eiffel Tower, the Champs Elysées, the Triumph Arch, Notre Dame de Paris, the Vosges Place, the Vendôme Place, the Garnier Opera...', 'Mon, Tue, Wed, Thu, Fri, Sat, Sun', 'Paris_by_car'),
('Orsay Museum', 'Paris', 210, 2, 'Museums', 'Visit the incredible museum located in a former railway station. Learn about the overall development of French styles in art during the second part of the 19th century, which were to become the foundation for modern art...', 'Tue, Wed, Thu, Fri, Sat, Sun', 'Orsay_museum'),
('Quartier Latin Tour', 'Paris', 214, 3, 'Sightseeing Tour', 'Quartier Latin Tour.\r\nWe will see the Sorbonne, the Pantheon, the Rue Mouffetard, Notre Dame, Saint Michel, a gorgeous library, the Luxembourg Garden, which is one of the most beautiful parc of Paris...', 'Mon, Tue, Wed, Thu, Fri, Sat, Sun', 'Quartier_latin_tour'),
('The Intellectual and Artistic Paris', 'Paris', 214, 3, 'Sightseeing Tour', 'Saint-Germain-des-Prés is a very elegant area of Paris, known for his intellectual and artistic community. It is the Paris of the freedom, of the intelligence and of the taste. Provocativness and discret luxury, this is Saint Germain! With its chic youth, frivolous insubordinate and happy, and all its cafés, nice boutiques, book shops and art galleries, Saint Germain is one of the nicest area to stroll around...', 'Mon, Tue, Wed, Thu, Fri, Sat, Sun', 'The_intellectual_and_artistic_paris'),
('Just a moment', 'Paris', 65, 1, 'Spa', 'We have booked for you in the best Spa Hammam of Paris this little program:\r\n- Eucalyptus steam bath \r\n- Exfoliation with black soap\r\n- Scrub and soap - natural soaping \r\n- Shampoo \r\n- Homemade lemonade', 'Mon, Tue, Wed, Thu, Fri, Sat', 'Just_a_moment'),
('The ultra relaxation', 'Paris', 156, 2, 'Spa', 'Allow an extra hour to relax and enjoy the treatments you will receive.\r\n\r\n- Steam bath with eucalyptus\r\n- Black Soap Exfoliation\r\n- Body Scrub\r\n- Natural Saving\r\n- Shampoo massage of the skull and the upper back on hot stone\r\n- Whirlpool bath\r\n- massage (30 min)', 'Mon, Tue, Wed, Thu, Fri, Sat', 'The_ultra_relaxation'),
('The Luxury Spa Program', 'Paris', 260, 4, 'Spa', 'Here, well-being starts with unique "savoir-faire" based on listening. Come visit our Spa partner to experience made-to-measure wellness, deliciously indulgent treatments and much more.\r\n\r\n- Steam bath with eucalyptus\r\n- Black Soap Exfoliation\r\n- Complete body scrub\r\n- Soap with Aleppo soap\r\n- Shampoo massage of the skull and the upper back on hot stone\r\n- Hair Mask\r\n- Face Mask with Honey, Nigella Seed and Pink Clay with its lotions\r\n- Jacuzzi Hot Tub\r\n- Massage with relaxing essential oils toning or draining\r\n-massage of 30 minutes', 'Mon, Tue, Wed, Thu, Fri, Sat', 'The_luxury_spa_program'),
('Food and city tours', 'Strasbourg', 90, 4, 'French Gastronomy', 'The Historic Island of Strasbourg, listed as World Heritage by UNESCO, is home to many local merchantswhohonour the Alsatian terroir.\r\n\r\nIt is no coincidencethat the localsalways shop in the small local shops of the oldtown. At the heart of thisneighborhoodyouwillfind the authenticatmosphere of Alsatian culture.\r\n\r\nDuringour 4 hout tout immerseyourself in this unique place and live « Strasbourg Gourmand » by meeting its people.\r\n\r\nThe Highlights :\r\n\r\nFor thisvisit, we have selected for you 10 typicaltastingsthatwilltake place in 7 local shops where the ownerswillwarmly open theirdoors to allowyou to discovertheirproducts.\r\n\r\nThroughoutthisvisit, your guide willbe happy to sharehisknowledge about the history and culture of his city whilelettingyoudiscover the best sights of the old city.\r\n', 'Mon, Tue, Wed, Thu, Fri, Sat, Sun', 'Food_and_city_tours'),
('Cathédrale Strasbourg', 'Strasbourg', 49, 2, 'French Gastronomy', 'Wouldyoulike to discover Strasbourg and itsfood culture, but you have only a few hours to spare ?\r\nWeoffer a gourmet tasting-tour lasting 21?2hours, whichwilltakeyoupast the iconic Notre-Dame Cathedral and throughfamous Petite France, stopping to enjoytypicalculinaryspecialitiesfromourregion ! Fullyimmerseyourself in local Strasbourg life.\r\n\r\nAccompanied by a tour guide, yourjourneywillbegin in the Place de la Cathédrale at 14 :30. Wewouldadviseyou to eatonly a very light lunch before the tour, to make the most of the tastingexperience !\r\n', 'Mon, Tue, Wed, Thu, Fri, Sat, Sun', 'Cathédrale_Strasbourg'),
('Sweet Strasbourg', 'Strasbourg', 85, 4, 'French Gastronomy', 'Whilediscovering the history of Strasbourg, wesuggestyou to meet local enthusiastswhowillmakeyou taste their best sweetspecialties.\nThesesweets are an integral part of the Alsatian cuisine and believe us, the Alsatians are attached to their desserts! Eatlike the locals and experimentwith “Sweet Strasbourg”!\nThe highlights of thisvisitis to taste the sweet version of the Flammenkucheflambéed before youreyes, as well as the French pastry!\n\nSelecting the tour « Strasbourg Gourmet » isalso a good idea for people whowant to experiment the Alsatianway of life, followyour guide and take a seat in a local « Winstub » (eatery) to taste a traditionalmeal : the Baeckeoffe.\n\nThe Highlights :\nDuring the 4.5 hours tour devoted to the finestdishes of the Alsatiangastronomic culture, youwilltake part in 8 tastings in selected places.\n\nThroughoutthisvisit, your guide willbe happy to sharetheirknowkedge about the history and culture of this city whilelettingyoudiscover the best sights of the old city.\n', 'Mon, Tue, Wed, Thu, Fri, Sat, Sun', 'Sweet_Strasbourg'),
('Strasbourg Gastronome', 'Strasbourg', 135, 4, 'French Gastronomy', 'Discover Strasbourg throughiconicspecialitiesrefined to satisfy gourmets’palates. You willvisitStrasbourg’srenowned shops and discover the best local productspairedwithAlsatian fine wines.\r\n\r\nSelecting the tour « Strasbourg Gourmet » isalso a good idea for people whowant to experiment the Alsatianway of life, followyour guide and take a seat in a local « Winstub » (eatery) to taste a traditionalmeal : the Baeckeoffe.\r\n\r\nThe Highlights :\r\nDuring the 4.5 hours tour devoted to the finestdishes of the Alsatiangastronomic culture, youwilltake part in 8 tastings in selected places.\r\n\r\nThroughoutthisvisit, your guide willbe happy to sharetheirknowkedge about the history and culture of this city whilelettingyoudiscover the best sights of the old city.\r\n', 'Mon, Tue, Wed, Thu, Fri, Sat, Sun', 'Strasbourg_Gastronome'),
('cooking class', 'Strasbourg', 35, 1, 'French Gastronomy', 'Enjoyyourstay in Strasbourg and discover the recipe of the famousflammekueche (“Tarte Flambée” in French, litteraly “Flame Pie”) in order to make ityourselfat home &take back a bit of Alsace withyouwhenyouleave! We propose, throughthis cooking class, to immerseyourself in one of the mostpopular culinary traditions of Alsace.\r\nThe Gruber is a typical “Winstub” of Strasbourg, and isluckyenough to own a traditional “Tarte Flambée” oven. You canenjoy the warm atmosphere of the place while cooking and tastingtogether.\r\n', 'Mon, Tue, Wed, Thu, Fri, Sat, Sun', 'cooking_class'),
('Wine & Chocolatepairing', 'Strasbourg', 49, 2, 'French Gastronomy', 'Strasbourg is the only place whereyouwillmeet as passionate a chocolatier as Christoper Meyer, worthyheir of hisfather Christian, founder of the famous Strasbourg chocolate house.\r\n\r\nChristophe Meyertakesyou on a journeythroughhischocolate made withcocoaselected by Chistopherhimself and comingfrom all over the world. Along withhisexceptionalchocolates, let yourselfenjoy the sublime winesheselectedspecifically for thisWine&Chocolatetasting to find the perfect match.\r\n\r\nThis service isavailable for groupe from 10 persons or more and on request.\r\n\r\nDo not hesitate to contact us to book this unique experience !\r\n', 'Mon, Tue, Wed, Thu, Fri, Sat, Sun', 'Wine_Chocolatepairing');

-- --------------------------------------------------------

--
-- Structure de la table `activity_guide`
--

CREATE TABLE IF NOT EXISTS `activity_guide` (
  `id` int(11) NOT NULL AUTO_INCREMENT,
  `nom` varchar(200) NOT NULL,
  `description` text NOT NULL,
  PRIMARY KEY (`id`)
) ENGINE=MyISAM  DEFAULT CHARSET=utf8 AUTO_INCREMENT=14 ;

--
-- Contenu de la table `activity_guide`
--

INSERT INTO `activity_guide` (`id`, `nom`, `description`) VALUES
(1, 'Cécile L''oiseau', 'The Mont-Saint-Michel\nLet’sdiscoverthiswonderful place whichis an islandagainthanks to the rehabilitation of its former maritime character… At the foot of the BenedictineAbbey, founded in 966, a little village developed. It was once muchfrequented by the pilgrimswishing to prayArchangel Michael. It isnow one of the mostpopulartouristic places in France. Weshall use the indirect paths and shortcuts to reach the « Marvel »!\n'),
(2, 'Anne Isabelle Gendrot', 'visite guidée du village de jour comme de nuit,<br/>\r\nvisite de l''abbaye,<br/>\r\nvisite du village + l''abbaye,<br/>\r\ntraversée de la baie contée en soirée avec retour de nuit<br/>\r\nau départ de Genêts (13 km A/R environ),<br/>\r\npetit traversée en journée ou à la tombée du jour\r\njusqu''àTombelaine (6 km A/R environ).'),
(3, 'Adeline Marchand', 'Adeline Marchand is a unique tour guide service offering visitors the opportunity to experience Paris from the eyes of a local and to be truly immersed in Parisian culture. Having grown up in the trendy, creative and historic Paris neighborhood of Upper Marais, Adeline shares her expertise and understanding of Parisian life in a way that cannot be found on the standard tour bus.\nAdeline has a master’s degree in 18th century French history from the Sorbonne.She enjoys sharing her passion and knowledge of the City of Lights with visitors with a strong awareness of what it’s like to be in a foreign country having traveled throughout the world herself. Her goal is to allow tourists to become locals during their holiday while catering to their particular interests.'),
(4, 'Oxana Ernolova', 'Originally from Moscow, Oxana found herself in the French capital as a teenager going to school. Little did she know that she would become a passionate spokeswoman for the city and a globe-trotter to boot! Sorbonne alumnus with a Fine Arts degree and professionally-licensed tour guide by decree of the French Ministry of Culture and Tourism, Oxana eventually found herself guiding international crowds in Paris and its neighbour regions. Her polyglot capabilities (English, French, Spanish, and Russian, evidently) have served her well on her journeys to over twenty countries and three different continents. Let her tell you what Montmartre is really made of or walk her steps through an Impressionist extravaganza at the Orsay museum. She’s in town and she’s up for adventure !'),
(5, 'Virginie Holm', 'Suggestions de sites à visiter\r\nRosheim, Boersch, Ottrott, Heiligenstein, Barr, Mittelbergheim,\r\nGertwiller, Kintzheim, Obernai, Bergheim, Ribeauvillé, Hunawihr, Riquewihr, Kaysersberg, Eguisheim, Turckheim  ...'),
(6, 'Cheng YANG', 'Cheng YANG is a French of a Chinese origin who lives in Bordeaux. He worked in an investment bank in France as well as in the accountability service. He has a multiple years’ experience in the management of the wineries. He had also participated to the multiple acquisitions of the establishments in Bordeaux. '),
(7, 'Di FENG', 'Di FENG, has over 10 years of experience, he has a Mercedes-Benz van that can fit up to 9 persons. His specialty is private tours for individual guests or business clients. Di FENG is fluent in French, English and Chinese. He had already organised tours for the celebrities such as LU Yi, YIN Tao, YANG Lan… '),
(8, 'Bin lai ', 'Bin Lai is an engineer with a master’s degree. He now lives in Cannes and works as a tourism guide. He has a French passport and proposes tours in French, English and Chinese. \r\n\r\nBin Lai offers traditional visits and tours around the South of France: the Mediterranean sea in Nice, the city of movies- Cannes, the city of the perfume- Grasse, one of the most beautiful villages around the world-Eze, the casinos and yachts of Monaco, the lavender fields of Valensole, a typical Provence village of Sault, the lake of Sainte-Croix, the Verdon gorges.\r\n\r\nHowever, if you are seeking for a more exclusive experience, wish to visit the places unknown by the tourists, try and live like a French, he may also offer you the tour of local wine tastings, help you to discover the culinary specialties of the region.\r\n\r\n“I will help you to discover this magical place. I have always been a guide in the southern regions of France; I know all the secret places and will gladly share my knowledge with you and make your trip unforgettable”\r\n\r\nIf you are a fine gourmet, you will love this trip: with a variety of French restaurants, some of them with the Michelin stars, the coffee shops and the most important the French desserts.\r\n\r\nIf you appreciate unique places, follow us on a discovery of the hidden face of the Mediterranean Sea. We will visit small southern villages such as Mougins, Saint Paul de Vence and Gourdon; Antibes a city on the sea shore and for the movie and celebrity lovers- the famous Saint-Tropez. You will be able to live an experience that no agency would propose.\r\n\r\nWe will make sure to find the offer that suits best your personality and expectations, the trip will be organized and done with our vehicles (our vans fit 5,7 and 9 persons).\r\n'),
(9, 'Noha Escartin', 'Guiding is what I love above all. It is not a summer job, an occasional occupation.... It is what I like to do. Every day. I discovered that a long time ago , after a lot of studying in different fields. So now I know.It is my full time job and I enjoy every minute of it. And I would love to share this passion for art and history with visitors who enjoy too discovering a city , a country , a whole refined civilisation. Bienvenue à Paris, the City of Lights !'),
(10, 'Rogério Silva ', 'Rogério Silva is a passionate tour guide of Marseille and Provence region.\r\nI''ve been guiding since 2013 as a certified guide by the French Ministries of Culture and Tourism.\r\nThanks to his studies and professional experience, he works in English, Spanish, French and Portuguese. His multilingual presence, pleasant nature, interest and knowledge about the country and the people have pleased most of his guests and have become a sort of trademark throughout his career.\r\nWith an outgoing and friendly personality he will lead you through the highlights of this region (and also some secret and less known corners) and he will discuss current affairs, history, architecture, art, legends, culture, food, drinks, love, life, crime, haunting, and so much more.\r\nAs a determined worker he has enriched his knowledge in the libraries but also on the streets. He has gotten lost several time''s but it allowed him to meet people, learn their histories and to create a high standard services network.\r\nToday he can provide authentic experiences by sharing his knowledge and passion for Marseille and Provence region.\r\n'),
(11, 'Alejandra Saenz de miera', 'Région de résidence : Paris-Île-de-France \nRégions de compétence : Centre-Val de Loire, Paris-Île-de-France \nLangues parlées : Anglais, Espagnol, Portugais'),
(12, 'Saber Hassan', 'Conferral guide\nRegion of residence: Grand Est\nRegions of jurisdiction: Burgundy-Franche-Comte, Grand-Est, Paris-Île-de-France\nLanguagesspoken: English, Arabic, French\n'),
(13, 'Maud Hacker', 'Maud Hacker is a historian, lecturer, and expert on Paris and the art of entertaining and organizing events on behalf of prestigious companies, institutes, and organizations. She also works for the Louis Vuitton Foundation. Fascinated by the history of Paris, Maud has developed more than eighty tours of unique and hidden parts of the city in conjunction with museums, foundations, and private companies, including Louis Vuitton, Chanel, Canal Plus, Google, PNP, SNCF, and many more. She lives in Paris.');

-- --------------------------------------------------------

--
-- Structure de la table `activity_guide_activities`
--

CREATE TABLE IF NOT EXISTS `activity_guide_activities` (
  `id` int(11) NOT NULL AUTO_INCREMENT,
  `guide` int(11) NOT NULL,
  `activity` int(11) NOT NULL,
  PRIMARY KEY (`id`)
) ENGINE=InnoDB  DEFAULT CHARSET=utf8 COLLATE=utf8_unicode_ci AUTO_INCREMENT=24 ;

--
-- Contenu de la table `activity_guide_activities`
--

INSERT INTO `activity_guide_activities` (`id`, `guide`, `activity`) VALUES
(1, 1, 1),
(2, 1, 2),
(3, 1, 3),
(4, 1, 4),
(5, 2, 1),
(6, 2, 2),
(7, 3, 1),
(8, 3, 2),
(9, 4, 1),
(10, 4, 2),
(11, 4, 5),
(12, 4, 6),
(13, 5, 1),
(14, 5, 2),
(15, 6, 10),
(16, 6, 1),
(17, 7, 1),
(18, 7, 2),
(19, 4, 10),
(20, 2, 3),
(21, 2, 5),
(22, 3, 6),
(23, 3, 10);

-- --------------------------------------------------------

--
-- Structure de la table `activity_guide_langue`
--

CREATE TABLE IF NOT EXISTS `activity_guide_langue` (
  `id` int(11) NOT NULL AUTO_INCREMENT,
  `guide` int(11) NOT NULL,
  `langue` int(11) NOT NULL,
  PRIMARY KEY (`id`)
) ENGINE=InnoDB  DEFAULT CHARSET=utf8 COLLATE=utf8_unicode_ci AUTO_INCREMENT=39 ;

--
-- Contenu de la table `activity_guide_langue`
--

INSERT INTO `activity_guide_langue` (`id`, `guide`, `langue`) VALUES
(1, 1, 1),
(2, 1, 2),
(3, 1, 3),
(4, 1, 4),
(5, 2, 1),
(6, 2, 2),
(7, 3, 1),
(8, 3, 2),
(9, 4, 1),
(10, 4, 2),
(11, 4, 5),
(12, 4, 6),
(13, 5, 1),
(14, 5, 2),
(15, 6, 10),
(16, 6, 1),
(17, 7, 1),
(18, 7, 10),
(19, 8, 10),
(20, 8, 1),
(21, 8, 2),
(22, 9, 1),
(23, 9, 2),
(24, 9, 7),
(25, 10, 1),
(26, 10, 2),
(27, 10, 5),
(28, 10, 9),
(29, 11, 2),
(30, 11, 1),
(31, 11, 5),
(32, 12, 2),
(33, 12, 1),
(34, 12, 7),
(35, 13, 1),
(36, 13, 2),
(37, 13, 4),
(38, 13, 5);

-- --------------------------------------------------------

--
-- Structure de la table `activity_guide_ville`
--

CREATE TABLE IF NOT EXISTS `activity_guide_ville` (
  `id` int(11) NOT NULL AUTO_INCREMENT,
  `guide` int(11) NOT NULL,
  `ville` varchar(100) COLLATE utf8_unicode_ci NOT NULL,
  PRIMARY KEY (`id`)
) ENGINE=InnoDB  DEFAULT CHARSET=utf8 COLLATE=utf8_unicode_ci AUTO_INCREMENT=16 ;

--
-- Contenu de la table `activity_guide_ville`
--

INSERT INTO `activity_guide_ville` (`id`, `guide`, `ville`) VALUES
(1, 1, 'Normandie'),
(2, 2, 'Normandie'),
(3, 3, 'Paris'),
(4, 4, 'Paris'),
(5, 5, 'Strasbourg'),
(6, 6, 'Bordeaux'),
(7, 7, 'Bordeaux'),
(8, 9, 'Paris'),
(9, 8, 'Cote d''azure'),
(10, 10, 'Marseille'),
(11, 11, 'Paris'),
(12, 12, 'Paris'),
(13, 13, 'Paris'),
(14, 7, 'Paris'),
(15, 7, 'Normandie');

-- --------------------------------------------------------

--
-- Structure de la table `activity_langues`
--

CREATE TABLE IF NOT EXISTS `activity_langues` (
  `id` int(11) NOT NULL AUTO_INCREMENT,
  `langue` varchar(100) NOT NULL,
  PRIMARY KEY (`id`)
) ENGINE=MyISAM  DEFAULT CHARSET=utf8 AUTO_INCREMENT=11 ;

--
-- Contenu de la table `activity_langues`
--

INSERT INTO `activity_langues` (`id`, `langue`) VALUES
(1, 'français'),
(2, 'Anglais'),
(3, 'allemand'),
(4, 'italien'),
(5, 'Espagnol'),
(6, 'Russe'),
(7, 'Arabe'),
(8, 'Indien'),
(9, 'Portugais'),
(10, 'Chinois');

-- --------------------------------------------------------

--
-- Structure de la table `chambre`
--

CREATE TABLE IF NOT EXISTS `chambre` (
  `nom_chambre` varchar(60) NOT NULL,
  `nb_places` int(11) NOT NULL,
  `taille` int(11) NOT NULL,
  `lits` varchar(60) NOT NULL,
  `nom_mh` varchar(60) NOT NULL,
  `prix_chambre` int(11) NOT NULL,
  `heure_arr` time NOT NULL,
  `heure_dep` time NOT NULL,
  `description_chambre` text NOT NULL,
  `wifi` tinyint(1) NOT NULL,
  `coffre_fort` tinyint(1) NOT NULL,
  `douche` tinyint(1) NOT NULL,
  `baignoire` tinyint(1) NOT NULL,
  `tel` tinyint(1) NOT NULL,
  `tv` tinyint(1) NOT NULL,
  `serviettes` tinyint(1) NOT NULL,
  `bureau` tinyint(1) NOT NULL,
  `cuisine` tinyint(1) NOT NULL,
  `mini_bar` tinyint(1) NOT NULL,
  `ventilateurs` tinyint(1) NOT NULL,
  `seche_cheveux` tinyint(1) NOT NULL,
  PRIMARY KEY (`nom_chambre`)
) ENGINE=InnoDB DEFAULT CHARSET=latin1;

--
-- Contenu de la table `chambre`
--

INSERT INTO `chambre` (`nom_chambre`, `nb_places`, `taille`, `lits`, `nom_mh`, `prix_chambre`, `heure_arr`, `heure_dep`, `description_chambre`, `wifi`, `coffre_fort`, `douche`, `baignoire`, `tel`, `tv`, `serviettes`, `bureau`, `cuisine`, `mini_bar`, `ventilateurs`, `seche_cheveux`) VALUES
('Apartment with Terrace', 3, 35, '1 lit double + 1 canapé-lit', 'Villa Laurina', 160, '12:00:00', '14:00:00', 'Apartment Size: 35 m²<br />\r\nBedroom 1: 1 full<br />\r\nLiving room: 1 sofa bed<br />\r\nApartment Facilities: Sea view, Garden view, Landmark view, Terrace, TV, Interconnecting room(s) available, Private entrance, Hardwood/Parquet floors, Wardrobe/Closet, Free toiletries, Toilet, Bathtub or shower, Tea/Coffee maker, Kitchenette, Refrigerator, Dining area, Electric kettle, Stovetop, Toaster, Coffee machine, Outdoor furniture, Towels, Linens<br />\r\nFree WiFi is available in all rooms.', 1, 0, 1, 1, 0, 1, 1, 0, 1, 0, 0, 0),
('Bedroom Deluxe Garden', 2, 32, '1 Lit', 'Villa du Square', 286, '12:00:00', '14:00:00', 'A 32m2 bedroom for 2 persons, including 1 bed.<br />\r\nFrom its large window overlooking the garden and the Fondation Le Corbusier, the garden room gives you a taste of country life whilst you are right in the heart of Paris. With its pale green tones and light coloured Louis XVI furniture, you can unwind whilst overlooking the garden. The bathroom is in antique style with gray mosaics….Relax in hot tub after a day of visiting Paris.<br />\r\nCheck in from 17:00 pm. Check out before 11:30 am on the day of departure (a luggage room may be available on request on the day of departure).<br />\r\nBreakfast is served between 08:00 am and 10:00 am (9:00 am – 11:00 am on the week-end). It is included.<br />\r\nBedroom Deluxe Garden at Villa du Square offers, WI-FI, bathtub, towels, TV, and desk.<br />\r\nThe arrival tile is 12 am, and the departure time is 14 pm.', 1, 0, 0, 1, 0, 1, 1, 1, 0, 0, 0, 0),
('Bungalow Alize', 2, 30, '???', 'Au Coeur Caraïbe St Barth', 229, '12:00:00', '14:00:00', '<strong>Equipment</strong><br />\r\nBeddings: 1 bed 2 places.<br />\r\nAir conditioner, complete sheets included, private Parking<br />\r\nCoffee maker, long chair, cooling fan, fridge with freezing chamber, hot plate, clothing iron, Micro-wave, toaster<br /><br />\r\n\r\n<strong>Services annexes</strong><br />\r\nConnexion internet Wi-Fi, Lockbox,<br />\r\nSheets and bath towel provided<br />\r\nCleaning service possible (20€/hour)<br /><br />\r\n\r\n<strong>The benefit</strong><br />\r\nPrice affordable for ST Barth. Independent and charming Bungalow, dominating sea view, view of the tortoise island, surfers and kites enjoy the turquoise sea, built in 2008 with lot of charm in the middle of palmers and coconut trees, very quiet, winded by the Alize, all comfortable, air conditioned, king size bed, bathroom double washbasin, nice decoration, integrated kitchen with closed patio, pool with side to sit in the water, very pleasant to have drink, Wi-Fi access, private parking.<br /><br />\r\n\r\n<strong>Warnings</strong><br />\r\nGarden to share with tenants, stay place on an Island, owners are staying nearby, Animals not admitted, non-smoking housing, Private pools to share with other tenants, housing not adapted for small children.<br /><br />\r\n\r\n<strong>Situation</strong><br />\r\nFloor: 1, in the home of 1 floor<br />\r\nSea view.<br />\r\nHeight: - of 100 m.<br />\r\nOrientation South-west.<br />\r\nSea: 1 Km.<br />\r\nLorient: 1 Km.<br />\r\nIndependent home.<br />\r\nAirport: 1 Km, beach: 1 Km, Port: 3 Km, Restaurant: 1 Km, Supermarket: 1 Km, Centre-city: 1<br /><br />\r\n\r\n<strong>Activities around the area</strong><br />\r\nBoat exit, Bocce ball court, Canoe-kayak, fishing, hiking, horse ride, Jet ski, Museum, night-club<br />\r\nSailing, scuba diving, sea/ocean, tennis, nautical sports, windsurfing<br /><br />\r\n \r\n<strong>Access</strong><br />\r\nTake left exiting the airport, go through St Jean then Lorient, at the end of Camaruche take right direction, Vitet, pass the small bridge, go straight, once you see a huge wall with big stones, you arrived where the palmers and coconut trees are waiting for you.<br /><br />\r\n\r\n<strong>Good deals</strong><br />\r\nWelcome to Saint Barthelemy, a small island of 25 km, lost in the middle of the ocean. You love the sea and the sun, you like good restaurants, you like shopping, you like peacefulness, you like sports, you like heats. Bungalow “Au Coeur Caraibe” is your destination for a dream stay.<br />\r\nOption: if you would like to rent a mini Cooper open roof. There are the contact of our partners Pure Rental: contact@purerental.net. Mini Cooper 60€/day for a week. Let them know you staying at our place, to get the special offer.', 1, 1, 0, 0, 0, 0, 1, 0, 1, 1, 1, 0),
('Bungalow Beach Stilts "Luxury & SPA"', 3, 75, '1 Lit queen size + 1 canapé-lit', 'Fare Pea Iti', 352, '12:00:00', '14:00:00', 'Magnificent bungalow of traditional architecture with natural materials area 75 m² with wooden deck terrace of 20 m²<br />\r\nRoom (2-3 persons) with four-poster bed Queen size sofa bed<br />\r\nDressing<br />\r\nBathroom comfortable and independent WC<br />\r\nLounge / bar deck with minibar fridge<br />\r\nLagoon and reef view<br />\r\nPrivate Jacuzzi<br />\r\nPrivate beach with sunbeds "Prestige" and beach lounge<br />\r\nAir conditioning<br />\r\nTV, mobile phone on the local network, internet (broadband) free, hairdryer, safe, outdoor shower.', 1, 1, 1, 0, 1, 1, 0, 0, 0, 1, 1, 1),
('Bungalow Beach Stilts "Luxury & SPA" (with half pension)', 3, 75, '1 Lit queen size + 1 canapé-lit', 'Fare Pea Iti', 415, '12:00:00', '14:00:00', 'Magnificent bungalow of traditional architecture with natural materials area 75 m² with wooden deck terrace of 20 m²<br />\r\nRoom (2-3 persons) with four-poster bed Queen size sofa bed<br />\r\nDressing<br />\r\nBathroom comfortable and independent WC<br />\r\nLounge / bar deck with minibar fridge<br />\r\nLagoon and reef view<br />\r\nPrivate Jacuzzi<br />\r\nPrivate beach with sunbeds "Prestige" and beach lounge<br />\r\nAir conditioning<br />\r\nTV, mobile phone on the local network, internet (broadband) free, hairdryer, safe, outdoor shower.', 1, 1, 1, 0, 1, 1, 0, 0, 0, 1, 1, 1),
('Bungalow Beach Stilts "Luxury"', 3, 75, '1 Lit queen size + 1 canapé-lit', 'Fare Pea Iti', 301, '12:00:00', '14:00:00', 'Magnificent bungalow of traditional architecture with natural materials area 75 m² with wooden deck terrace of 20 m²<br />\r\nRoom (2-3 persons) with four-poster bed Queen size sofa bed<br />\r\nDressing<br />\r\nBathroom comfortable and independent WC<br />\r\nLounge / bar deck with minibar fridge<br />\r\nLagoon and reef view<br />\r\nPrivate beach with sunbeds "Luxury" and beach lounge<br />\r\nAir conditioning<br />\r\nTV, internet (broadband) free, hairdryer, safe, outdoor shower', 1, 1, 1, 0, 0, 1, 0, 0, 0, 1, 1, 0),
('Bungalow Beach Stilts "Luxury" (with half pension)', 3, 75, '1 Lit queen size + 1 canapé-lit', 'Fare Pea Iti', 364, '12:00:00', '14:00:00', 'Magnificent bungalow of traditional architecture with natural materials area 75 m² with wooden deck terrace of 20 m²<br />\r\nRoom (2-3 persons) with four-poster bed Queen size sofa bed<br />\r\nDressing<br />\r\nBathroom comfortable and independent WC<br />\r\nLounge / bar deck with minibar fridge<br />\r\nLagoon and reef view<br />\r\nPrivate beach with sunbeds "Luxury" and beach lounge<br />\r\nAir conditioning<br />\r\nTV, internet (broadband) free, hairdryer, safe, outdoor shower', 1, 1, 1, 0, 0, 1, 0, 0, 0, 1, 1, 0),
('Bungalow Beach Stilts "Tradition"', 3, 75, '1 Lit queen size + 1 canapé-lit', 'Fare Pea Iti', 326, '12:00:00', '14:00:00', 'Magnificent bungalow of traditional architecture with natural materials<br />\r\nSurface 75 m² with wooden deck terrace of 20 m²<br />\r\nRoom (2-3 persons) with four-poster bed Queen size sofa bed<br />\r\nDressing<br />\r\nBathroom comfortable and independent WC<br />\r\nKitchenette with minibar fridge<br />\r\nLagoon and reef view<br />\r\nPrivate beach with sunbeds "Tradition" and beach lounge<br />\r\nTV, internet (broadband) free, hairdryer, safe, outdoor shower', 1, 1, 1, 0, 0, 1, 0, 0, 1, 1, 0, 1),
('Bungalow Beach Stilts "Tradition" (with half pension)', 3, 75, '1 Lit queen size + 1 canapé-lit', 'Fare Pea Iti', 389, '12:00:00', '14:00:00', 'Magnificent bungalow of traditional architecture with natural materials<br />\r\nSurface 75 m² with wooden deck terrace of 20 m²<br />\r\nRoom (2-3 persons) with four-poster bed Queen size sofa bed<br />\r\nDressing<br />\r\nBathroom comfortable and independent WC<br />\r\nKitchenette with minibar fridge<br />\r\nLagoon and reef view<br />\r\nPrivate beach with sunbeds "Tradition" and beach lounge<br />\r\nTV, internet (broadband) free, hairdryer, safe, outdoor shower', 1, 1, 1, 0, 0, 1, 0, 0, 1, 1, 0, 1),
('Bungalow Cindy', 2, 30, '???', 'Au Coeur Caraïbe St Barth', 249, '12:00:00', '14:00:00', '<strong>Equipment</strong><br />\r\nbeddings: 1 bed 2 places.<br />\r\nAir conditioner, complete sheets included, private Parking<br />\r\nCoffee maker, long chair, cooling fan, fridge with freezing chamber, hot plate, clothing iron, Micro-wave, toaster<br /><br />\r\n\r\n<strong>Services annexes</strong><br />\r\nConnexion internet wifi, lockbox,<br />\r\nSheets and bath towel provided<br />\r\nCleaning service possible (20€/hour)<br /><br />\r\n\r\n<strong>The benefit</strong><br />\r\nPrice affordable for ST Barth. Independent and charming Bungalow, dominating sea view, view of the tortoise island, surfers and kites enjoy the turquoise sea, built in 2008 with lot of charm in the middle of palmers and coconut trees, very quiet, winded by the Alize, all comfortable, air conditioned, king size bed, bathroom double washbasin, nice decoration, integrated kitchen with closed patio, pool with side to sit in the water, very pleasant to have drink, Wi-Fi access, private parking.<br /><br />\r\n\r\n<strong>Warnings</strong><br />\r\nGarden to share with tenants, stay place on an Island, owners are staying nearby, Animals not admitted, non-smoking housing, Private pools to share with other tenants, housing not adapted for small children.<br /><br />\r\n\r\n<strong>Situation</strong><br />\r\nGround floor<br />\r\nSea view.<br />\r\nHeight: - of 100 m.<br />\r\nOrientation South-west.<br />\r\nSea: 1 Km.<br />\r\nLorient: 1,5 Km.<br />\r\nIndependent home.<br />\r\nAirport: 1 Km, beach: 1 Km, Port: 3 Km, Restaurant: 1 Km, Supermarket: 1 Km, Centre-city: 1<br /><br />\r\n\r\n<strong>Activities around the area</strong><br />\r\nBoat exit, Bocce ball court, Canoe-kayak, fishing, hiking, horse ride, Jet ski, Museum, night-club<br />\r\nSailing, scuba diving, sea/ocean, tennis, nautical sports, windsurfing<br /><br />\r\n\r\n<strong>Access</strong><br />\r\nTake left exiting the airport, go through St Jean then Lorient, at the end of Camaruche take right direction, Vitet, pass the small bridge, go straight, once you see a huge wall with big stones, you arrived where the palmers and coconut trees are waiting for you.<br /><br />\r\n\r\n<strong>Good deals</strong><br />\r\nWelcome to Saint Barthelemy, a small island of 25 km, lost in the middle of the ocean. You love the sea and the sun, you like good restaurants, you like shopping, you like peacefulness, you like sports, you like heats. Bungalow “Au Coeur Caraibe” is your destination for a dream stay. <br />\r\nOption: if you would like to rent a mini Cooper open roof. There are the contact of our partners Pure Rental: contact@purerental.net. Mini Cooper 60€/day for a week. Let them know you staying at our place, to get the special offer.', 1, 1, 0, 0, 0, 0, 1, 0, 1, 0, 1, 0),
('Bungalow Lagoon', 2, 30, '???', 'Au Coeur Caraïbe St Barth', 209, '12:00:00', '14:00:00', '<strong>Equipment</strong><br />\r\nbeddings: 1 bed 2 places.<br />\r\nAir conditioner, complete sheets included, private Parking<br />\r\nCoffee maker, long chair, cooling fan, fridge with freezing chamber, hot plate, clothing iron, Micro-wave, toaster<br /><br />\r\n\r\n<strong>Services annexes</strong><br />\r\nConnexion internet wifi, lockbox,<br />\r\nSheets and bath towel provided<br />\r\nCleaning service possible (20€/hour)<br /><br />\r\n\r\n<strong>The benefit</strong><br />\r\nPrice affordable for ST Barth. Independent and charming Bungalow, dominating sea view, view of the tortoise island, surfers and kites enjoy the turquoise sea, built in 2008 with lot of charm in the middle of palmers and coconut trees, very quiet, winded by the Alize, all comfortable, air conditioned, king size bed, bathroom double washbasin, nice decoration, integrated kitchen with closed patio, pool with side to sit in the water, very pleasant to have drink, Wi-Fi access, private parking.<br /><br />\r\n\r\n<strong>Situation</strong><br />\r\nFloor: 1, in the home of 1 floor<br />\r\nSea view.<br />\r\nHeight: - of 100 m.<br />\r\nOrientation South-west.<br />\r\nSea: 1 Km.<br />\r\nLorient: 1 Km.<br />\r\nIndependent home.<br />\r\nAirport: 1 Km, beach: 1 Km, Port: 3 Km, Restaurant: 1 Km, Supermarket: 1 Km, Centre-city: 1<br /><br />\r\n\r\n<strong>Activities around the area</strong><br />\r\nBoat exit, Bocce ball court, Canoe-kayak, fishing, hiking, horse ride, Jet ski, Museum, night-club<br />\r\nSailing, scuba diving, sea/ocean, tennis, nautical sports, windsurfing<br /><br />\r\n\r\n<strong>Access</strong><br />\r\nTake left exiting the airport, go through St Jean then Lorient, at the end of Camaruche take right direction, Vitet, pass the small bridge, go straight, once you see a huge wall with big stones, you arrived where the palmers and coconut trees are waiting for you.<br /><br />\r\n\r\n<strong>Good deals</strong><br />\r\nWelcome to Saint Barthelemy, a small island of 25 km, lost in the middle of the ocean. You love the sea and the sun, you like good restaurants, you like shopping, you like peacefulness, you like sports, you like heats. Bungalow “Au Coeur Caraibe” is your destination for a dream stay. <br />\r\nOption: if you would like to rent a mini Cooper open roof. There are the contact of our partners Pure Rental: contact@purerental.net. Mini Cooper 60€/day for a week. Let them know you staying at our place, to get the special offer.\r\n', 1, 0, 0, 0, 0, 0, 1, 0, 1, 0, 1, 0),
('Bungalow Steve', 2, 30, '???', 'Au Coeur Caraïbe St Barth', 239, '12:00:00', '14:00:00', '<strong>Equipment</strong><br />\r\nBeddings: 1 bed 2 places.<br />\r\nAir conditioner, complete sheets included, private Parking<br />\r\nCoffee maker, long chair, cooling fan, fridge with freezing chamber, hot plate, clothing iron, Micro-wave, toaster<br /><br />\r\n\r\n<strong>Services annexes</strong><br />\r\nConnexion internet wifi, lock box,<br />\r\nSheets and bath towel provided<br />\r\nCleaning service possible (20€/hour)<br /><br />\r\n\r\n<strong>The benefit</strong><br />\r\nPrice affordable for ST Barth. Independent and charming Bungalow, dominating sea view, view of the tortoise island, surfers and kites enjoy the turquoise sea, built in 2008 with lot of charm in the middle of palmers and coconut trees, very quiet, winded by the Alize, all comfortable, air conditioned, king size bed, bathroom double washbasin, nice decoration, integrated kitchen with closed patio, pool with side to sit in the water, very pleasant to have drink, Wi-Fi access, private parking.<br /><br />\r\n\r\n<strong>Warnings</strong><br />\r\nGarden to share with tenants, stay place on an Island, owners are staying nearby, Animals not admitted, non-smoking housing, Private pools to share with other tenants, housing not adapted for small children.<br /><br />\r\n\r\n<strong>Situation</strong><br />\r\nFloor: 1, in the home of 1 floor<br />\r\nSea view.<br />\r\nHeight: - of 100 m.<br />\r\nOrientation South-west.<br />\r\nSea: 1 Km.<br />\r\nLorient: 1 Km.<br />\r\nIndependent home.<br />\r\nAirport: 1 Km, beach: 1 Km, Port: 3 Km, Restaurant: 1 Km, Supermarket: 1 Km, Centre-city: 1<br /><br />\r\n\r\n<strong>Activities around the area</strong><br />\r\nBoat exit, Bocce ball court, Canoe-kayak, fishing, hiking, horse ride, Jet ski, Museum, night-club<br />\r\nSailing, scuba diving, sea/ocean, tennis, nautical sports, windsurfing<br /><br />\r\n\r\n<strong>Access</strong><br />\r\nTake left exiting the airport, go through St Jean then Lorient, at the end of Camaruche take right direction, Vitet, pass the small bridge, go straight, once you see a huge wall with big stones, you arrived where the palmers and coconut trees are waiting for you.<br /><br />\r\n\r\n<strong>Good deals</strong><br />\r\nWelcome to Saint Barthelemy, a small island of 25 km, lost in the middle of the ocean. You love the sea and the sun, you like good restaurants, you like shopping, you like peacefulness, you like sports, you like heats. Bungalow “Au Coeur Caraibe” is your destination for a dream stay.<br />\r\nOption: if you would like to rent a mini Cooper open roof. There are the contact of our partners Pure Rental: contact@purerental.net. Mini Cooper 60€/day for a week. Let them know you staying at our place, to get the special offer.', 1, 1, 0, 0, 0, 0, 1, 0, 1, 0, 1, 0),
('Chambre Alexis', 2, 35, '1 Lit', 'Villa Montabord', 229, '12:00:00', '14:00:00', 'On the second floor, overlooking the private alley, nice plum-colored Alexis guest room invites you to return to childhood and be lulled into a sweet nostalgia.<br />\r\nThe 35m2 Alexis guest room consists of a dressing room/entrance, a 9m2 bathroom with its beautiful pier glass, equipped with a bathtub and WC, and a large 22m2 bedroom with a long balcony.', 1, 0, 0, 1, 1, 1, 1, 0, 0, 0, 0, 0),
('Chambre Amaury', 2, 33, '1 Lit', 'Villa Montabord', 199, '12:00:00', '14:00:00', 'A 33m2 bedroom for 2 persons, with 1 bed.<br />\r\nOn the first floor, overlooking the private courtyard, Amaury guest room in beige and sand tones welcomes you to the theme of Water and Boats.\r\nYou can found a small entrance, and a seperate WC, an 11m2 bathroom with a walk-in shower and the 19m2 bedroom.<br />\r\nCheck in from 5 pm and check out before 11 am on the day of departure (a luggage room may be available on request on the day of departure).<br />\r\nBreakfast is served from 8:30 am to 10:00 am. It is included.<br />\r\nYou have at your service, WI-FI, a strong-box, shower, and phone.<br />\r\nThe arrival time is 12 am and the departure time is 14 pm.', 1, 1, 1, 0, 1, 0, 0, 0, 0, 0, 0, 0),
('Chambre Antxeta', 2, 20, '???', 'Villa Goeland', 100, '12:00:00', '14:00:00', 'Bathroom « 1900 » : bath + private WC<br />\r\nPort Vieux beach view, The Virgin Roc, the Rhune and Spanish coast<br />\r\nBreakfast included <br /><br />\r\n- Time A : Double 180€ the night<br />\r\n- Time B : Double 200€ the night<br />\r\n- Time C : Double 220€ the night', 0, 0, 1, 0, 0, 0, 0, 0, 0, 0, 0, 0),
('Chambre Charlotte', 2, 35, '1 Lit', 'Villa Montabord', 229, '12:00:00', '14:00:00', 'On the first floor, overlooking the private alley, Charlotte guest room offers a pure harmony of colors that reminds of the zinc roofs of Paris. This is the universe of Parisian women, fresh, voluptuous and carefree, as displayed by the paintings on the walls.<br />\r\nThe 35m2 Charlotte guest room consists of a dressing room, a 9m2 bathroom with its beautiful pier glass, equipped with a bathtub and WC, and a large 22m2 bedroom with a long balcony.<br />\r\nCheck in from 5:00 pm, check out before 11:00 am on the day of departure (a luggage room may be available on request on the day of departure).\r\nBreakfast is served from 8:30 am to 10:00 am.', 1, 1, 0, 1, 0, 1, 1, 0, 0, 0, 0, 0),
('Chambre Clementine', 2, 33, '1 Lit', 'Villa Montabord', 209, '12:00:00', '14:00:00', 'A 33m2 bedroom for 2 persons including 1 bed.<br />\r\nOn the second floor, overlooking the private courtyard, Clementine guest room pays tribute to Paris in a style that is both classic and contemporary, where the orange colour predominates.<br />\r\nThe 33m2 Clementine guest room consists of a small entrance and a separate WC, an 11m2 bathroom with a walk-in shower and the 19m2 bedroom.<br />\r\nCheck in from 5:00 pm, check out before 11:00 am on the day of departure (a luggage room may be available on request on the day of departure).<br />\r\nBreakfast is served from 8:30 am to 10:00 am.<br />\r\nClementine guest room offers you WI-FI,strong-box, phone, TV, shower, and towels.<br />\r\nThe arrival time is 12 am, and the departure time is 14 pm.', 1, 1, 1, 0, 1, 1, 1, 0, 0, 0, 0, 0),
('Chambre Coco', 2, 20, '???', 'Villa Belza', 100, '12:00:00', '14:00:00', 'CHAMBRE COCO à l''étage avec coussin or et blanc, lit à balledaquin.<br />\r\nDans les chambres vous disposez d''une TV écran plat, wifi, mini bar, cafetière NESPRESSO, bouilloire, plateau de courtoisie, produits pour le bain aux essences de la Réunion, linge de maison et drap de piscine.<br />\r\nLe petit déjeuner "brunchy": café, thé, chocolat chaud, lait, jus de fruit frais smoothies, corbeille du boulanger (pain frais, cake, viennoiserie, œuf au plat ou brouillé ou omelette, beurre confitures pays miel pays, yaourt.<br />\r\nRoom services : petit déjeuner en chambre à commander la veille.<br />\r\nService de blanchisserie est à disposition pour nos convives 8 € par machine.<br />\r\nService de ménage tous les 2 jours.', 1, 0, 0, 0, 0, 1, 1, 0, 0, 1, 0, 0),
('Chambre Deluxe', 2, 35, '1 Lit Queen Size', 'Demeure M', 150, '12:00:00', '14:00:00', 'Vous avez à disposition un Lit Queen Size, pour 1 à 2 personnes, avec vue sur la cour.<br />\r\nOptez pour cette chambre Deluxe lors de vos escapades romantiques dans la capitale alsacienne, mais également lors de vos voyages d’affaires. Elle propose un confort complet auquel s’ajoute une décoration toute en finesse, pour des moments de relaxation inégalés dans ce havre de paix, en plein centre-ville.<br />\r\nD’une superficie de 35 m², cette chambre Deluxe dispose d’un lit double, d’un espace bureau et d’une salle de bains privative en pierres italiennes.', 1, 1, 0, 1, 1, 1, 0, 1, 0, 0, 1, 1),
('Chambre des Anges', 2, 18, '1 loit de 180x190 cm', 'Manoir de la Baronnie', 100, '12:00:00', '14:00:00', 'Cette chambre de 18 m2, pour 2 personnes, dispose d’un lit  de 180 x 190 m2. <br />\r\nSituée au 1er étage et ouvrant sur le parc,  cette jolie chambre double à la décoration romantique possède une salle d’eau avec douche et WC séparés.<br />\r\n> TV + DVD, lit bébé sur demande', 0, 0, 1, 0, 0, 1, 0, 0, 0, 0, 0, 0),
('Chambre du Gouverneur', 2, 38, '1 lit de 160x200 cm', 'Manoir de la Baronnie', 110, '12:00:00', '14:00:00', 'Cette chambre accueille 1 à 2 personnes dans un espace de 38 m2, avec un lit de 160 x 200 cm.<br />\r\nSituée au 1er étage, et ouvrant sur le parc, cette grande chambre au mobilier d’époque et à la décoration raffinée, possède une grande salle de bain avec baignoire, douche et WC séparés.<br />\r\n\r\n> TV + DVD, lit bébé sur demande\r\n> Accès internet en WI FI en chambre', 1, 0, 1, 1, 0, 1, 0, 0, 0, 0, 0, 0),
('Chambre Goeland', 2, 20, '???', 'Villa Goeland', 100, '12:00:00', '14:00:00', 'Big Terrace of 35 m².<br />\r\nBath+ private WC.<br />\r\nView of Port Vieux beach, the Virgin Roc and the Spanish coast.<br />\r\nBreakfast included.<br /><br />\r\n- Time A: Double 180€ the night- Twin 210€ the night.\r\n- Time B: Double 240€ the night- Twin 270 € the night.\r\n- Time C: Double 270€ the night – Twin 300€ the night.', 0, 0, 1, 0, 0, 0, 0, 0, 0, 0, 0, 0),
('Chambre Grands Boulevards', 2, 19, '1 Lit queen size (160x200 cm)', 'My Home For You', 160, '12:00:00', '14:00:00', 'The Grand boulevards are one of the main exponents of the "Parisian Life": the Grand Rex movie theater, the theaters, the brasseries, the covered passages or even the headquarters of banks and finance companies bring this area to life.<br />\r\nThe Grand Rex inspired us for the very modernist decoration of this 19 Sq Mt bedroom, with its lamps designed by Gras, in a functional and uncluttered design, which seduced architects such as Corbusier or Mallet-Stevens. An authentic copy of the ‘Barcelona’ armchair, designed by Mies van der Rohe in 1929, provides a touch of timeless design to this bedroom.<br />\r\nThe "Grand boulevards" bedroom can be reserved together with the connecting "Trocadéro" bedroom for families or couples of friends. Both rooms can be communicating.<br />\r\n<strong>BEDROOM EQUIPMENTS :</strong><br />\r\n- Comfortable bedding (Epéda): queen size (160 x 200 cm), mattress and on mattress 29 cm in thickness, for an optimal comfort<br />\r\n- Curtains with blackout liners<br />\r\n- Courtesy tray with kettle and a selection of tea, herb tea and instant coffee<br />\r\n- Flat screen TV (102 c) with access to more than 150 national and international channels<br />\r\n- Safe adapted to laptops<br />\r\n- Workspace<br />\r\n- Unlimited Wi-Fi internet connection<br />\r\n- Bathroom with Italian-style shower and private toilet<br />\r\n- Toiletries "Keiji-Memory of Senses" (plant soap, shampoo conditioner in herbs, aromatic shower gel " in bay ", etc.)<br />\r\n- Shower and towel hang dryer<br />\r\n- Hairdryer', 1, 1, 1, 0, 0, 1, 1, 1, 0, 0, 0, 1),
('Chambre Guimet', 2, 29, '1 Lit queen size (160x200 cm)', 'My Home For You', 210, '12:00:00', '14:00:00', 'Looking south, this vast bedroom of 29 SqMt looks onto the Boulevard Poissonnière. Flooded with sun, it is an invitation to dream and to distant journeys.<br />\r\nReal tribute to Émile Guimet and to his Museum of the Asiatic Arts, we decorated this bedroom with some of our souvenirs brought back from Cambodia and from countries of the former French Indochina.<br />\r\nRed curtains with Asian motifs, bedside lamps from designer Christophe Pillet, old Chinese furniture, souvenirs from the temples of Angkor, ventilator with teak blades… so many are the details which will transport you to a universe full of exoticism at the heart of Paris.Without forgetting the deep sofa and cozy bedding for a perfect rest!<br />\r\n<strong>BEDROOM EQUIPMENTS :</strong><br />\r\n- Comfortable bedding (Epéda): queen size (160 x 200 cm), mattress and on mattress 29 cm in thickness, for an optimal comfort<br />\r\n- Curtains with blackout liners<br />\r\n- Courtesy tray with kettle and a selection of tea, herb tea and instant coffee<br />\r\n- Flat screen TV (102 c) with access to more than 150 national and international channels<br />\r\n- Safe adapted to laptops<br />\r\n- Workspace<br />\r\n- Unlimited Wi-Fi internet connection<br />\r\n- Bathroom with Italian-style shower and private toilet<br />\r\n- Toiletries "Keiji-Memory of Senses" (plant soap, shampoo conditioner in herbs, aromatic shower gel " in bay ", etc.)<br />\r\n- Shower and towel hang dryer<br />\r\n- Hairdryer', 1, 1, 1, 0, 0, 1, 1, 1, 0, 0, 0, 1),
('Chambre Montebello', 2, 20, '???', 'Villa Goeland', 100, '12:00:00', '14:00:00', 'Bathroom « 1900 »: bath + private WC.<br />\r\nView in the Landaise coast, the big beach, the Port Vieux beach and the Spanish coast<br />\r\nPossibility to add a bed.<br />\r\nBreakfast included.<br /><br />\r\n- Time A: Double 180 € the night– Twin 210 € the night.<br />\r\n- Time B: Double 200 € the night – Twin 230 € the night.<br />\r\n- Time C: Double 220 € the night – Twin 250 € the night.', 0, 0, 1, 0, 0, 0, 0, 0, 0, 0, 0, 0),
('Chambre Palais Royal', 2, 28, '1 Lit queen size (160x200 cm)', 'My Home For You', 200, '12:00:00', '14:00:00', 'Inspired by the Palais Royal garden and the French ‘art de vivre’ lifestyle, this magnificent en-suite bedroom of 28 SqMt is exceptionally bright thanks to its 4 windows which open on a raised passage.<br />\r\nThe green pure silk curtains, the engravings of French painter Horace Vernet of the 18th and 19th centuries, as well as the furniture make up a classic style yet full of freshness at the same time …<br />\r\nA floor-to-ceiling triptych designed by our photographer Jad Valienne will plunge you into the architecture and unique atmosphere of this garden steeped in history.<br />\r\n<strong>BEDROOM EQUIPMENTS :</strong><br />\r\n- Comfortable bedding (Epéda): queen size (160 x 200 cm), mattress and on mattress 29 cm in thickness, for an optimal comfort<br />\r\n- Curtains with blackout liners<br />\r\n- Courtesy tray with kettle and a selection of tea, herb tea and instant coffee<br />\r\n- Flat screen TV (102 c) with access to more than 150 national and international channels<br />\r\n- Safe adapted to laptops<br />\r\n- Workspace<br />\r\n- Unlimited Wi-Fi internet connection<br />\r\n- Bathroom with Italian-style shower and private toilet<br />\r\n- Toiletries "Keiji-Memory of Senses" (plant soap, shampoo conditioner in herbs, aromatic shower gel " in bay ", etc.)<br />\r\n- Shower and towel hang dryer<br />\r\n- Hairdryer\r\n', 1, 1, 1, 0, 0, 1, 1, 1, 0, 0, 0, 1),
('Chambre Patchouli', 2, 20, '???', 'Villa Belza', 100, '12:00:00', '14:00:00', 'CHAMBRE A L''ANNEE PATCHOULI, RDC avec coussin bleu uni.<br />\r\nDans les chambres vous disposez d''une TV écran plat, wifi, mini bar, cafetière NESPRESSO, bouilloire, plateau de courtoisie, produits pour le bain aux essences de la Réunion, linge de maison et drap de piscine.<br />\r\nLe petit déjeuner ''''brunchy'''': café, thé, chocolat chaud, lait, jus de fruit frais smoothies, corbeille du boulanger (pain frais, cake, viennoiserie, œuf au plat ou brouillé ou omelette, beurre confitures pays miel pays, yaourt.<br />\r\nRoom services : petit déjeuner en chambre à commander la veille.<br />\r\nService de blanchisserie est à disposition pour nos convives 8 € par machine.<br />\r\nService de ménage tous les 2 jours.', 1, 0, 0, 0, 0, 1, 1, 0, 0, 1, 0, 0),
('Chambre Ravize', 2, 35, '1 Lit King Size (180x200 cm) ou 2 Lits Doubles (90x200 cm)', 'Villa Goeland', 100, '12:00:00', '14:00:00', 'Small Terrace of 4 m².<br />\r\nBalneo shower+ private WC <br />\r\nView on the Landaise coast, the big beach and the Plateau of Atalaye<br />\r\nBreakfast included<br /><br />\r\n- Time A: Double 150€ the night- Twin 180€ the night<br />\r\n- Time B: Double 170€ the night- Twin 200 € the night<br />\r\n- Time C: Double 190€ the night- Twin 220€ the night <br />', 0, 0, 1, 0, 0, 0, 0, 0, 0, 0, 0, 0),
('Chambre Romantique', 2, 18, '1 lit de 160x200 cm', 'Manoir de la Baronnie', 90, '12:00:00', '14:00:00', 'Disposant de 18 m2, cette chambre peut accueillir 2 personnes. De plus, elle dispose d’un lit de 160 x 200  cm.<br />\r\nSituée au 1er étage, cette chambre est orientée plein sud avec vue sur le parc. Elle allie le charme d''une décoration classique avec mobilier ancien et lit à baldaquin, et tous les équipements de confort modernes: salle de bain avec baignoire, WC séparés, sèche cheveux, bouilloire avec thé et infusion.\r\n<br />\r\n> TV + DVD, lit bébé sur demande', 0, 0, 0, 1, 0, 1, 0, 0, 0, 0, 0, 1),
('Chambre Santal', 3, 20, '???', 'Villa Belza', 120, '12:00:00', '14:00:00', 'CHAMBRE SANTAL avec coussin bleu rayé avec lit à baldaquin  RDC près piscine, chambre double plus 1 enfant.<br />\r\nDans les chambres vous disposez d''une TV écran plat, wifi, mini bar, cafetière NESPRESSO, bouilloire, plateau de courtoisie, produits pour le bain aux essences de la Réunion, linge de maison et drap de piscine.<br />\r\nLe petit déjeuner "brunchy": café, thé, chocolat chaud, lait, jus de fruit frais smoothies, corbeille du boulanger (pain frais, cake, viennoiserie, œuf au plat ou brouillé ou omelette, beurre confitures pays miel pays, yaourt.<br />\r\nRoom services : petit déjeuner en chambre à commander la veille.<br />\r\nService de blanchisserie est à disposition pour nos convives 8 € par machine.<br />\r\nService de ménage tous les 2 jours.', 1, 0, 0, 0, 0, 1, 1, 0, 0, 1, 0, 0),
('Chambre Shalimar', 2, 20, '???', 'Villa Belza', 100, '12:00:00', '14:00:00', 'CHAMBRE SHALIMAR  à l''étage de la villa.<br />\r\nDans les chambres vous disposez d''une TV écran plat, wifi, mini bar, cafetière NESPRESSO, bouilloire, plateau de courtoisie, produits pour le bain aux essences de la Réunion, linge de maison et drap de piscine.<br />\r\nLe petit déjeuner ''''brunchy'''': café, thé, chocolat chaud, lait, jus de fruit frais smoothies, corbeille du boulanger (pain frais, cake, viennoiserie, œuf au plat ou brouillé ou omelette, beurre confitures pays miel pays, yaourt.<br />\r\nRoom services : petit déjeuner en chambre à commander la veille.<br />\r\nService de blanchisserie est à disposition pour nos convives 8 € par machine.<br />\r\nService de ménage tous les 2 jours.', 1, 0, 0, 0, 0, 1, 1, 0, 0, 1, 0, 0),
('Chambre Trocadero', 2, 28, '1 Lit (200x200 cm) ou 2 Lits (100x200 cm)', 'My Home For You', 180, '12:00:00', '14:00:00', 'The Trocadéro was the focus point of the Parisian World Fairs. Even today, the City of Architecture, the Maritime  Museum and the National Chaillot Theater continue to offer us magnificent architecture of the 30s, embellished by sculptures and golden fountains. The square offers one of the most spectacular views on Paris, with the Eiffel Tower in the foreground.<br />\r\nWith 28 SqMt, the "Trocadéro" bedroom restores this atmosphere of the Union of the Modern Artists. You can relax in an authentic LC4 deckchair, designed in 1928 by Corbusier, Pierre Jeanneret and Charlotte Perriand, and browse the books of architecture we have put at your disposal in the bookcase.<br />\r\nThe "Trocadéro" twin bedroom (2 beds of 100 x 200 cm) can be reserved together with the connecting "Grand Boulevards" bedroom for families or couples of friends. Both rooms can be communicating.<br />\r\n\r\n<strong>BEDROOM EQUIPMENTS :</strong><br />\r\n\r\n- Comfortable bedding (Epéda): two beds (100 x 200 cm), mattress and on mattress 29 cm in thickness, for an optimal comfort<br />\r\n- Curtains with blackout liners<br />\r\n- Courtesy tray with kettle and a selection of tea, herb tea and instant coffee<br />\r\n- Flat screen TV (102 c) with access to more than 150 national and international channels<br />\r\n- Safe adapted to laptops<br />\r\n- Workspace<br />\r\n- Unlimited Wi-Fi internet connection<br />\r\n- Bathroom with Italian-style shower and private toilet<br />\r\n- Toiletries "Keiji-Memory of Senses" (plant soap, shampoo conditioner in herbs, aromatic shower gel " in bay ", etc.)<br />\r\n- Shower and towel hang dryer<br />\r\n- Hairdryer', 1, 1, 1, 0, 0, 1, 1, 1, 0, 0, 0, 1),
('Chambre Vetiver', 2, 20, '???', 'Villa Belza', 100, '12:00:00', '14:00:00', 'CHAMBRE VETIVER, chambre double RDC à l''étage.<br />\r\nDans les chambres vous disposez d''une TV écran plat, wifi, mini bar, cafetière NESPRESSO, bouilloire, plateau de courtoisie, produits pour le bain aux essences de la Réunion, linge de maison et drap de piscine.<br />\r\nLe petit déjeuner "brunchy": café, thé, chocolat chaud, lait, jus de fruit frais smoothies, corbeille du boulanger (pain frais, cake, viennoiserie, œuf au plat ou brouillé ou omelette, beurre confitures pays miel pays, yaourt.<br />\r\nRoom services : petit déjeuner en chambre à commander la veille.<br />\r\nService de blanchisserie est à disposition pour nos convives 8 € par machine.<br />\r\nService de ménage tous les 2 jours.', 1, 0, 0, 0, 0, 1, 1, 0, 0, 1, 0, 0),
('Côté Campagne – Double Room – Private Spa', 2, 30, '???', 'Le Clos Marcamps', 250, '12:00:00', '14:00:00', 'Walls with exposed stones, old panelling, pendant centre lights, private terrace of 30 m2 and outdoor heated private spa.<br />\r\nThe room « côté campagne » is composed of a room space with a bed size 180, a minibar and an espresso machine. The bathroom has a lion’s foot bath and a large Italian style shower with massage jets. Air-conditioned and with all the modern comfort (courtesy tray, flat screen, unlimited Wi-Fi, welcome gifts, air conditioning, safe), the room «Côté Campagne» of 30 m2 has its charm from its various antique objects and its large private terrace (30m2) on which a private spa is integrated, heated all year long.', 1, 1, 1, 0, 0, 1, 0, 0, 0, 1, 1, 0),
('Côté Jardin – Charming Double Room', 3, 30, '???', 'Le Clos Marcamps', 250, '12:00:00', '14:00:00', 'Bluish-grey coloured and punctuated with second-hand objects, the room Côté Jardin has a beautiful ceiling height. The room opens directly onto a terrace continued by the garden. Air-conditioned and equipped with all the modern comfort (Italian shower, courtesy tray, flat screen, unlimited Wi-Fi, welcome gifts).', 1, 0, 1, 0, 0, 1, 0, 0, 0, 0, 1, 0),
('Côté Puits – Charming Suite', 3, 30, '1 Lit double + 1 lit simple', 'Le Clos Marcamps', 250, '12:00:00', '14:00:00', 'Decorated with sweet tonalities of linen and taupe the Suite Côté Puits is composed of a lounge continued by a shower-room in open space, on the ground floor.<br />\r\nOn the first floor a double bed and a single bed.<br />\r\nThis Suite of 30 m2 gives both onto the garden and the charming well of the 19th century. Air-conditioned, it is continued by a south-facing terrace. Courtesy tray, flat screen, unlimited Wi-Fi, welcome gifts.', 1, 0, 1, 0, 0, 1, 0, 0, 0, 0, 1, 0),
('Côté Vignes – Balneo Suite', 3, 30, '???', 'Le Clos Marcamps', 250, '12:00:00', '14:00:00', 'All white and punctuated with elegant touches of black and grey, the room Côté Vignes (Balneo room) is composed of a bedding area on the first floor and a lounge opening out onto a bathroom with balneo bath and light therapy on the ground floor. Directly nearby the vineyards, a terrace continues the room. Air-conditioned and equipped with all the modern comfort (courtesy tray, flat screen, unlimited Wi-Fi, welcome gifts), the room Côté Vignes of 30 m2 has its charm thanks to its various second-hand objects.', 1, 0, 0, 1, 0, 1, 0, 0, 0, 0, 1, 0),
('Deluxe Room', 2, 40, '1 lit queen size (2 lits jumeaux à la demande du client)', 'Château Eza', 180, '12:00:00', '14:00:00', 'Room with a private balcony overlooking the French Riviera hillside and partial sea coast and from where breakfast or room service can be enjoyed.<br />\r\nWith a size of 30 to 40 Sq meters, bathroom with shower or bathtub, and separate toilet.<br />\r\nQueen Bed, Twin bed on request. Maximum occupancy: 2 people.<br />\r\nAir Conditioning Multi-line phone Voice mail Wake up calls Housekeeping (daily).<br />\r\nComplimentary toiletries Hair dryer In-room safe Television Clock radio Iron / ironing board (on request) Internet access - free Bathrobe iPod dock Minibar Balcony Room size 30-35 Square meters View.', 1, 0, 1, 1, 1, 1, 1, 0, 0, 1, 1, 1),
('Double Room with Sea View', 2, 20, '1 lit queen size', 'Villa Laurina', 110, '12:00:00', '14:00:00', 'This double room features a balcony, tea/coffee maker and sea view.<br />\r\nRoom Facilities: Balcony, View, Sea view, Garden view, Landmark view, Terrace, Heating, Private entrance, Hardwood/Parquet floors, Wardrobe/Closet, Free toiletries, Toilet, Bathtub or shower, Outdoor furniture, Wake-up service, Towels, Linens<br />\r\nFree WiFi is available in all rooms.', 1, 0, 1, 1, 0, 0, 1, 0, 0, 0, 0, 0),
('Elegance Double Room', 2, 40, '1 lit queen size (2 lits jumeaux à la demande du client)', 'Château Eza', 210, '12:00:00', '14:00:00', 'These rooms are nestled in the heart of the medieval village and will provide you with a romantic experience. The bathroom with double balneo bathtub, shower and separate toilet.<br />\r\nEach room featuring a real fireplace to keep the winters warm.<br />\r\nWith a size of 40sq meters, no balcony, no view.<br />\r\nQueen Bed or Twin. Maximum occupancy : 2 people.<br />\r\nInternet access - high speed Air Conditioning Wake up calls Housekeeping (daily) Hair dryer In-room safe Television Clock radio Iron / ironing board (on request) Internet access - free Bathrobe Bathtub iPod dock Minibar Room size 40 Square meters.', 1, 0, 1, 1, 0, 1, 1, 0, 0, 1, 1, 1),
('Garden Bungalow "Fare Tradition"', 3, 36, '1 Lit queen size + 1 canapé-lit', 'Fare Pea Iti', 209, '12:00:00', '14:00:00', 'Superb traditional architecture surface natural materials bungalow 36 m²<br />\r\nTerrace garden, outdoor kitchen<br />\r\nRelaxation area (pal Fare)<br />\r\nRoom (2-3 persons) with four-poster bed Queen size sofa bed<br />\r\nDressing<br />\r\nBathroom comfortable and independent WC<br />\r\nRefrigerator minibar<br />\r\nView Pool and garden<br />\r\nTV, telephone, internet (broadband) free, hairdryer, safe', 1, 1, 0, 0, 1, 1, 0, 0, 1, 1, 0, 1),
('Garden Bungalow "Fare Tradition" (with half pension)', 3, 36, '1 Lit queen size + 1 canapé-lit', 'Fare Pea Iti', 272, '12:00:00', '14:00:00', 'Superb traditional architecture surface natural materials bungalow 36 m²<br />\r\nTerrace garden, outdoor kitchen<br />\r\nRelaxation area (pal Fare)<br />\r\nRoom (2-3 persons) with four-poster bed Queen size sofa bed<br />\r\nDressing<br />\r\nBathroom comfortable and independent WC<br />\r\nRefrigerator minibar<br />\r\nView Pool and garden<br />\r\nTV, telephone, internet (broadband) free, hairdryer, safe', 1, 1, 0, 0, 1, 1, 0, 0, 1, 1, 0, 1),
('Garden Bungalow "Tropical Luxury"', 3, 45, '1 Lit queen size + 1 canapé-lit', 'Fare Pea Iti', 230, '12:00:00', '14:00:00', 'Magnificent bungalow of traditional architecture with natural materials area 45m² with wooden deck terrace of 10 m²<br />\r\nPrivate tropical garden and closed with living room of 40 m²<br />\r\nRoom (2-3 persons) with four-poster bed Queen size sofa bed<br />\r\nDressing<br />\r\nBathroom any comfort open on the garden with bath and outdoor shower<br />\r\nSeparate toilet<br />\r\nRefrigerator minibar<br />\r\nView Pool and garden<br />\r\nTV, telephone, internet (broadband) free, hairdryer, safe', 1, 1, 1, 0, 1, 1, 0, 0, 0, 1, 0, 1),
('Garden Bungalow "Tropical Luxury" (with half pension)', 3, 45, '1 Lit queen size + 1 canapé-lit', 'Fare Pea Iti', 293, '12:00:00', '14:00:00', 'Magnificent bungalow of traditional architecture with natural materials area 45m² with wooden deck terrace of 10 m²<br />\r\nPrivate tropical garden and closed with living room of 40 m²<br />\r\nRoom (2-3 persons) with four-poster bed Queen size sofa bed<br />\r\nDressing<br />\r\nBathroom any comfort open on the garden with bath and outdoor shower<br />\r\nSeparate toilet<br />\r\nRefrigerator minibar<br />\r\nView Pool and garden<br />\r\nTV, telephone, internet (broadband) free, hairdryer, safe', 1, 1, 1, 0, 1, 1, 0, 0, 0, 1, 0, 1),
('Gite', 4, 20, '1 lit double de 140x190 cm et 2 lits jumeaux de 90x190 cm', 'Manoir de la Baronnie', 160, '12:00:00', '14:00:00', 'Ce petit gîte aménagé à l''entrée de la propriété dans un nid de verdure, peut accueillir de deux à quatre personnes. D''une superficie de 20 m2 plus une terrasse de 15 m2, il est équipé d''un lit double en 140 x 190 cm, de deux lits jumeaux de 90 x 190 cm en mezzanine, d''un coin cuisine équipé de plaques de cuisson, four micro ondes/grill, réfrigérateur..., d''un espace repas et d''une salle d''eau avec douche et wc. Sa décoration à l''esprit nordique lui confère une ambiance très cosy.', 0, 0, 1, 0, 0, 0, 0, 0, 1, 0, 0, 0),
('House & Garden Room "Comfort"', 3, 40, '2 lits queen size', 'Fare Pea Iti', 168, '12:00:00', '14:00:00', 'House traditionally decorated with natural materials surface 40 m² with wooden deck terrace of 10 m²<br />\r\nRoom (2-3 persons) with Queens size bed<br />\r\nDressing-conditioning<br />\r\nBathroom comfortable and independent WC<br />\r\nRefrigerator minibar<br />\r\nView Pool and garden<br />\r\nTV, telephone, internet (broadband) free, hairdryer.', 1, 0, 0, 0, 1, 1, 0, 0, 0, 1, 0, 1),
('House & Garden Room "Comfort" (with half pension)', 3, 40, '2 lits queen size', 'Fare Pea Iti', 231, '12:00:00', '14:00:00', 'House traditionally decorated with natural materials surface 40 m² with wooden deck terrace of 10 m²<br />\r\nRoom (2-3 persons) with Queens size bed<br />\r\nDressing-conditioning<br />\r\nBathroom comfortable and independent WC<br />\r\nRefrigerator minibar<br />\r\nView Pool and garden<br />\r\nTV, telephone, internet (broadband) free, hairdryer.', 1, 0, 0, 0, 1, 1, 0, 0, 0, 1, 0, 1),
('Jardin du Marais', 3, 20, '1 Lit double et 1 Lit simple ou 3 lits simples', 'Bonne Nuit Paris', 275, '12:00:00', '14:00:00', 'A 20m2 bedroom for 3 persons, including  1 double bed, and 1 single bed.<br />\r\nEach of our 4 rooms, Enclos des templiers, Jardin du Marais, La Cave du Grand Prieur and L’Echoppe du Grand Prieur have their own special character, sensitively restored to incorporate modern facilities. Each room is over 20 m2 with a private bathroom and WC. Calm and quiet, with historic features such as beautiful high ceilings, street or courtyard views, or exposed beams, providing intimacy within a generous interior. <br />\r\nIt can welcome 2-3 people. It is placed on the 1st floor (2nd floor US) rue Charlot. There are 2 windows, shower, WC King.<br />\r\nThe size of the bed is 160 x 200 cm, and the size of the single bed is 90 x 190 cm, or 3 single beds.<br />\r\nJardins Du Marais offers WI-FI, desk, shower, and towels.<br />\r\nThe arrival tile is 12 am, and the departure time is 14 pm.', 1, 0, 1, 0, 0, 0, 1, 1, 0, 0, 0, 0),
('Junior Suite', 4, 55, '1 lit queen size (2 lits jumeaux à la demande du client)', 'Château Eza', 200, '12:00:00', '14:00:00', 'All our Junior Suites offer a sea view that you can also enjoy from your private balcony where breakfast can be enjoyed.<br />\r\nEach room is uniquely designed to create a different atmosphere, all featuring a separate sitting area.<br />\r\nTheir size varies between 45 to 55 sq meters including bathroom with bathtub, shower and separate toilet.<br />\r\nBed type: Queen Bed, Twin on request. Maximum occupancy: 3 people.<br />\r\nRemarks: One family room possible on request for a maximum occupancy of 4 people.<br />\r\nAir Conditioning Voice mail Wake up calls Housekeeping (daily) Complimentary toiletries Hair dryer In-room safe Television Clock radio Iron / ironing board (on request) Bathrobe Bathtub iPod dock Minibar Balcony Room size 45-55 Square meters View.', 1, 0, 1, 1, 0, 1, 1, 0, 0, 1, 1, 1),
('L''Echoppe du Grand Prieur', 4, 35, '1 Lit (160x200 cm) ou 2 petits lits', 'Bonne Nuit Paris', 275, '12:00:00', '14:00:00', 'A 35m2 bedroom for 4 persons, with 1 bed.<br />\r\nEach of our 4 rooms, Enclos des templiers, Jardin du Marais, La Cave du Grand Prieur and L’Echoppe du Grand Prieur have their own special character, sensitively restored to incorporate modern facilities. Each room is over 20 m2 with a private bathroom and WC. Calm and quiet, with historic features such as beautiful high ceilings, street or courtyard views, or exposed beams, providing intimacy within a generous interior.<br />\r\nIt can welcome 2-4 people. It is located on the ground floor rue Charlot, there are 3 front windows Kitchenette, a bath with shower, a WC King. The bed’s size is 160 x 200 cm, single or twins.<br />\r\nL’Echoppe  Du Grand Prieur offers WI-FI, strong-box, bathtub, TV, phone, and kitchen.<br />\r\nThe arrival time is 12 am, and the departure time is 14 pm.', 1, 1, 1, 1, 1, 1, 0, 0, 1, 0, 0, 0),
('L''Enclos des Templiers', 2, 20, '1 Lit (160x200 cm)', 'Bonne Nuit Paris', 225, '12:00:00', '14:00:00', 'A 20m2 bedroom for 2 persons, including 1bed.<br />\r\nEach of our 4 rooms, Enclos des templiers, Jardin du Marais, La Cave du Grand Prieur and L’Echoppe du Grand Prieur have their own special character, sensitively restored to incorporate modern facilities. Each room is over 20 m2 with a private bathroom and WC. Calm and quiet, with historic features such as beautiful high ceilings, street or courtyard views, or exposed beams, providing intimacy within a generous interior.<br />\r\nIt can receive 2 people, it is placed on the 1st floor (2nd floor US) courtyard.The size of the bed is 160 x 200 cm, there are 3 windows, shower, and WC.\r\nL’Enclos Des Templiers proposes WI-FI, strong box, phone, TV, shower, and towels.<br />\r\nThe arrival time is 12 am and the departure time is 14 pm.', 1, 1, 1, 0, 1, 1, 1, 0, 0, 0, 0, 0),
('La Baccarat', 2, 28, '1 Lit (160 cm)', 'Les Chambres d''Annie', 140, '12:00:00', '14:00:00', 'Ambiance crazy years and mute movie for this guestroom, Baccarat all in black and white: very pretty sea view, bathroom with bath tub, separated toilet.<br />\r\nServices:  bedroom 28 m2 sea view, bed 160 cm, bathroom with bath tub, bathrobes, hair dryers, welcome kits, Nespresso, kettle, welcome plate with coffee and tea , free Wi-Fi access high debit, flat screen TV.', 1, 0, 0, 1, 0, 1, 1, 0, 0, 1, 0, 1),
('La Bourgeoise', 2, 20, '1 Lit (160 cm)', 'Les Chambres d''Annie', 130, '12:00:00', '14:00:00', 'Romantic and refined rightfully serve for la Bourgeoise, guest bedroom with sea view, bathroom with bath tub and sea view.<br />\r\nServices: bedroom 20 m2, bed 160 cm, bathroom with bathtub /shower, bathrobe, hair dryer, welcome kits, Nespresso, kettle, welcome plate with coffee and tea, free Wi-Fi high debit access, flat screen TV.', 1, 0, 1, 1, 0, 1, 1, 0, 0, 1, 0, 1),
('La Cave du Grand Prieur', 2, 35, '1 Lit (160x200 cm)', 'Bonne Nuit Paris', 175, '12:00:00', '14:00:00', 'Each of our 4 rooms, Enclos des templiers, Jardin du Marais, La Cave du Grand Prieur and L’Echoppe du Grand Prieur have their own special character, sensitively restored to incorporate modern facilities. Each room is over 20m2 with a private bathroom and WC. Calm and quiet, with historic features such as beautiful high ceilings, street or courtyard views, or exposed beams, providing intimacy within a generous interior.<br />\r\nIt can receive 2 people. It is situated on the ground floor courtyard. There are 1 french door, a shower , and a WC King.<br />\r\nThe size of the bed is 160 x 200 cm or twins.', 1, 1, 1, 0, 0, 1, 1, 0, 0, 0, 0, 0);
INSERT INTO `chambre` (`nom_chambre`, `nb_places`, `taille`, `lits`, `nom_mh`, `prix_chambre`, `heure_arr`, `heure_dep`, `description_chambre`, `wifi`, `coffre_fort`, `douche`, `baignoire`, `tel`, `tv`, `serviettes`, `bureau`, `cuisine`, `mini_bar`, `ventilateurs`, `seche_cheveux`) VALUES
('La Clairefontaine', 2, 22, '1 Lit (160 cm)', 'Les Chambres d''Annie', 150, '12:00:00', '14:00:00', 'Elegant modern and photographic black and white for the Clairefontaine, guest bedroom with balcony and exterior Livingroom dominating the back yard (no sea view), bathroom with Italian shower.<br />\r\nServices: bedroom 22 m2 view backyard, balcony, bed 160 cm, bathroom with Italian shower and WC, bathrobe, hair dryer, welcome kits, Nespresso, kettle, welcome plate with coffee and tea, free high debit WIFI access, flat screen TV.', 1, 0, 1, 0, 0, 1, 1, 0, 0, 1, 0, 1),
('La Suite Normandy', 2, 48, '1 Lit rond (210 cm)', 'Les Chambres d''Annie', 200, '12:00:00', '14:00:00', 'Like the gateway of the eponym liners, the Normandy suite lounged the sea: large bay windows, balcony with exterior Livingroom, round bed in a vintage discreet ambiance, comfortable sofa and single bed, bathroom with bathtub and shower facing the sky and the sea, separate toilets, small kitchen equipped for simple restauration.<br />\r\nThe must have: order a seafood plate at Trouville and savour it on the balcony.<br />\r\nServices: bedroom 48 m2, round bed 210 cm, corner living room, bathroom with bath tub and Italian shower, bathrobe, hair dryer, welcome products, micro wave oven, Nespresso, kettle, welcome plate with coffee and tea, access Wi-Fi high debit free, flat screen TV.', 1, 0, 1, 1, 0, 1, 1, 0, 1, 0, 0, 1),
('Le Pigeonnier – Charming Suite', 2, 30, '???', 'Le Clos Marcamps', 250, '12:00:00', '14:00:00', 'Decorated with elegant tonalities of grey the Suite “Le Pigeonnier” is composed of a lounge continued by a shower-room in open space, on the ground floor.<br />\r\nThis Suite of 30 m2 gives both onto the garden and the charming well of the 19th century. Air-conditioned, it is continued by an east-facing terrace. Courtesy tray, flat screen, unlimited Wi-Fi, welcome gifts.', 1, 0, 1, 0, 0, 1, 0, 0, 0, 0, 1, 0),
('Margaux - Chambre Deluxe', 2, 34, '1 Lit King Size (180 cm) ou 2 Lits de 90 cm', 'L''Arene Bordeaux', 120, '12:00:00', '14:00:00', 'blablablablablablablablablablablablablablablablablablablablablablablablablablabla', 1, 1, 1, 0, 0, 0, 1, 0, 0, 1, 1, 1),
('Room I', 2, 16, '1 Lit', 'Villa du Square', 187, '12:00:00', '14:00:00', 'A 16m2 bedroom for 2 persons, with 1 bed.<br />\r\nRoom I offers a first contact with François-Christophe’s great passion : photography. The sobriety of black and gray is enlivened by touches of turquoise for the curtains to keep the room light and vibrant. This room can be combined with Room II, through a private corridor to form a suite for parents and their two children.\r\nCheck in from 17:00 pm. Check out before 11:30 am on the day of departure (a luggage room may be available on request on the day of departure). <br />\r\nBreakfast is served between 08:00 am and 10:00 am (9:00 am -11:00 am on the week-end), it is included.<br />\r\nRoom I at Villa du Square propose WI-FI, shower, TV, and towels.<br />\r\nThe arrival tile is 12 am, and the departure time is 14 pm.', 1, 0, 1, 0, 0, 1, 1, 0, 0, 0, 0, 0),
('Room II', 2, 22, '1 Lit', 'Villa du Square', 225, '12:00:00', '14:00:00', 'A 22m2 bedroom for 2 persons, including 1 bed.<br />\r\nBedroom II, located on the first floor next to the bedroom I, offers an original layout with bed being in the center of the room. An art master piece, a contemporary canvas by Araken a Brazilian painter, enhances the smooth lime green coloured decor.<br />\r\nCheck in from 17:00, and check out before 11:30on the day of departure (a luggage room may be available on request on the day of departure). <br />\r\nBreakfast is served between 08:00 am and 10:00 am (9:00 am-11h00 am on the week-end).It is included.<br />\r\nRoom II at Villa du Square, offers, WI-FI, shower, towels, TV, and desk.<br />\r\nThe arrival tile is 12 am, and the departure time is 14 pm.', 1, 0, 1, 0, 0, 1, 1, 1, 0, 0, 0, 0),
('Room III', 2, 18, '1 Lit', 'Villa du Square', 187, '12:00:00', '14:00:00', 'A 18m2 bedroom for 2 persons, with 1 bed.<br />\r\nOn the second floor, the blue room welcomes you with its Empire furniture and its neo classical painting of the “Lady with a Lyre” As on the first floor this can be connected with room IV.<br />\r\nCheck in at 17:00 pm. Check out before 11:30 am on the day of departure (a luggage room may be available on request on the day of departure). <br />\r\nBreakfast is served between 08:00 am and 10:00 am (9:00 am and 11:00 am on the week-end). It is included.<br />\r\nRoom III at Villa du Square offers WI-FI, shower, towels, TV, and desk.<br />\r\nThe arrival tile is 12 am, and the departure time is 14 pm.', 1, 0, 1, 0, 0, 1, 1, 1, 0, 0, 0, 0),
('Room IV', 2, 20, '1 Lit', 'Villa du Square', 225, '12:00:00', '14:00:00', 'A 20m2 bedroom for 2 persons, including 1 bed.<br />\r\nThe soft shades of the room contrast with the oriental atmosphere of the bathroom. Memories of family travel in Italy or the United States, enliven the walls of the room.<br />\r\nCheck in from 17:00 pm. Check out before 11:30 am on the day of departure (a luggage room may be available on request on the day of departure).<br />\r\nBreakfast is served between 08:00 and 10:00 (9:00 – 11:00 on the week-end). It is included, <br />\r\nRoom IV at Villa du Square propose WI-FI, TV, phone, shower, and towels.<br />\r\nThe arrival tile is 12 am, and the departure time is 14 pm.', 1, 0, 1, 0, 1, 1, 1, 0, 0, 0, 0, 0),
('Roulotte Esmeralda', 2, 7, '1 Couchette de 160x200 cm', 'Manoir de la Baronnie', 90, '12:00:00', '14:00:00', 'Cette roulotte de 7m2, dispose d’une couchette de 160 x 200 cm. Elle peut accueillir 2 personnes.<br />\r\nCette authentique petite roulotte de Gitans datant des années 50 et originaire de la région d’Arles a été restaurée et décorée dans le pure esprit « Tzigane ».<br />\r\nSa petite taille qui fait tout son charme, la destine à des personnes n’excédant pas 1m80.<br />\r\nElle possède l’éclairage et le chauffage électrique, ainsi que des toilettes sèches. (sanitaires complets accessibles à 50m).  Barbecue disponible  en saison.', 0, 0, 0, 0, 0, 0, 0, 0, 0, 0, 0, 0),
('Roulotte Manolo', 2, 8, '1 Couchette de 140x190 cm', 'Manoir de la Baronnie', 100, '12:00:00', '14:00:00', 'Cette roulotte de 8m2, dispose d’une couchette de 140 x 190 cm. Elle peut accueillir 2 personnes.<br />\r\nCette charmante roulotte construite dans le pure esprit « Tzigane » possède une décoration très cosy et chaleureuse.<br />\r\nElle dispose de l’éclairage et du chauffage électrique, ainsi que de toilettes sèches (sanitaires complets accessibles à 50m).  Barbecue disponible en saison.', 0, 0, 0, 0, 0, 0, 0, 0, 0, 0, 0, 0),
('Standard Double Room', 2, 25, '1 lit queen size (2 lits jumeaux à la demande du client)', 'Château Eza', 190, '12:00:00', '14:00:00', 'Each room is uniquely designed, complementing the traditional and calm environment of medieval Eze Village.<br />\r\nNo balcony, no view. Bathroom with shower. Size 25 sq meters.<br />\r\nQueen Bed, Twin bed on request. Maximum occupancy:2 people.<br />\r\nAir Conditioning Voice mail Wake up calls Housekeeping (daily) Complimentary toiletries Hair dryer In-room safe Television Clock radio Iron / ironing board (on request) Internet access - free Bathrobe iPod dock Minibar Room size 25 Square meters.', 1, 0, 1, 0, 0, 1, 1, 0, 0, 1, 1, 1),
('Studio', 4, 18, '1 lit double de 140x190 cm et un canapé connvertible', 'Manoir de la Baronnie', 170, '12:00:00', '14:00:00', 'Ce petit studio  très cosy est idéalement situé à 50 m du petit port de Solidor, et de la ravissante plage des Corbières, dans un quartier historique animé. La cité "intra-muros" est accessible en un quart d''heure à pied.<br />\r\nIl mesure 18 m2 en duplex, et peut accueillir de 2 à 4 personnes. Il est situé au fond d''une petite cour très calme, et dispose d''un balcon ensoleillé. Il est équipé d''un lit double en 140cm x 190cm, et d''un canapé convertible, une petite cuisine équipée, et une salle d''eau avec douche et WC. Les draps et le linge de toilette sont fournis.', 0, 0, 1, 0, 0, 0, 1, 0, 1, 0, 0, 0),
('Suite', 3, 60, '1 lit queen size (possiblité d''ajouter un lit)', 'Château Eza', 200, '12:00:00', '14:00:00', 'At 427m above the Mediterranean Sea with a stunning 180° view of the French Riviera, enjoy the clear nights and the stars on the outside terrace equipped with an outside Jacuzzi and sun bed.<br />\r\nThis 60 sq. meters suite has travelled though the times. The stone walls and living room featuring a real fireplace to keep the winters warm. The bathroom with shower, bathtub and separated toilet.<br />\r\nBed type: Queen bed size. Extra bed possible.<br />\r\nMaximum occupancy: 3 people.<br />\r\nAir Conditioning Voice Mail Wake up calls Housekeeping (daily) Complimentary toiletries Hair dryer In-room safe Television Clock radio Iron / ironing board (on request) Internet access - free Bathrobe Bathtub iPod dock Minibar Room size 60 Square meters View.', 1, 0, 1, 1, 0, 1, 1, 0, 0, 1, 1, 1),
('Suite de l''Armateur', 5, 45, '2 Lits de 160x200 cm et un lit de 90x180 cm', 'Manoir de la Baronnie', 150, '12:00:00', '14:00:00', 'Cette suite dispose de deux lits de 160 x 200 cm et d’un lit de 90 x1 80 cm.  Elle est composée de 2 chambres : une première qui peut accueillir  2 personnes et une deuxième qui peut accueillir 3 personnes. Elle a une superficie totale de 45 m2.\r\nCette suite familiale ouvrant sur le parc est composée :<br />\r\nau premier étage, d’une grande chambre double alliant le charme d’un mobilier ancien et d’une décoration  dans l’esprit « vieille marine », avec salle de bain  et WC attenants, <br />\r\net d’une chambre en duplex aménagée en cabinet de curiosités sur le thème des voyages de Jules Verne.<br />\r\n> TV + DVD, lit bébé sur demande<br />\r\n> Accès internet en WI FI en chambre', 1, 0, 1, 0, 0, 1, 0, 0, 0, 0, 0, 0),
('Suite Marie Pauline', 4, 41, '1 lit de 180x200 cmet 1 lit de 180x190 cm', 'Manoir de la Baronnie', 130, '12:00:00', '14:00:00', 'Cette suite pour 2 à 4 personnes dispose d’un lit de 180 x 200 cm, ET d’un autre lit de 180 x 190 cm, repartit dans un espace de 41m2.<br />\r\nDu prénom de la plus jeune fille du célèbre Corsaire Robert Surcouf  dont nous sommes descendants,\r\nCette suite comporte deux chambres doubles possédant chacune sa salle de bain attenante, l’une avec baignoire, l’autre avec douche et WC séparés.<br />\r\nLa première chambre ouvrant sur la cour d’honneur est décorée dans le style« Belle Epoque »,\r\nLa 2ème ouvrant sur le parc offre une belle harmonie de bleue dans une ambiance très « marine ».<br />\r\n> TV + DVD, lit bébé sur demande', 0, 0, 1, 1, 0, 1, 0, 0, 0, 0, 0, 0),
('Superior - Double Room', 2, 30, '1 lit queen size', 'Villa Laurina', 140, '12:00:00', '14:00:00', 'This double room features a balcony, tea/coffee maker and private entrance.<br />\r\nRoom Facilities: Balcony, View, Sea view, Garden view, Landmark view, Terrace, Heating, Private entrance, Hardwood/Parquet floors, Wardrobe/Closet, Free toiletries, Toilet, Bathtub or shower, Outdoor furniture, Wake-up service, Towels, Linens<br />\r\nFree WiFi is available in all rooms.', 1, 0, 1, 1, 0, 0, 1, 0, 0, 0, 0, 0),
('Superior Double Room', 1, 25, '1 lit queen size (2 lits jumeaux à la demande du client)', 'Château Eza', 190, '12:00:00', '14:00:00', 'These charming rooms are designed in an elegant style typical of the Chateau Eza.<br />\r\nWith a size of around 25 Sq meters, they all feature a private balcony overlooking the French Riviera hillside and the partial sea coast.<br />\r\nMaximum occupancy: 2 people Queen bed size, twin bed on request Bathroom with shower only.<br />\r\nAir Conditioning Multi-line phone Wake up calls Housekeeping (daily) Complimentary toiletries Hair dryer In-room safe Television Clock radio Iron / ironing board (on request) Internet access - free Bathrobe iPod dock Minibar Balcony Room size 25 Square meters View.', 1, 0, 1, 0, 1, 1, 1, 0, 0, 1, 1, 1);

-- --------------------------------------------------------

--
-- Structure de la table `client`
--

CREATE TABLE IF NOT EXISTS `client` (
  `num_client` int(11) NOT NULL AUTO_INCREMENT,
  `nom_client` varchar(60) NOT NULL,
  `prenom_client` varchar(60) NOT NULL,
  `mail_client` varchar(60) NOT NULL,
  `tel_client` varchar(60) NOT NULL,
  `sexe` varchar(60) NOT NULL,
  `pays_client` varchar(60) NOT NULL,
  PRIMARY KEY (`num_client`)
) ENGINE=MyISAM DEFAULT CHARSET=latin1 AUTO_INCREMENT=1 ;

-- --------------------------------------------------------

--
-- Structure de la table `img_chambre`
--

CREATE TABLE IF NOT EXISTS `img_chambre` (
  `img_ch` text NOT NULL,
  `nom_chambre` varchar(60) NOT NULL,
  `nom_mh` varchar(60) NOT NULL
) ENGINE=MyISAM DEFAULT CHARSET=latin1;

-- --------------------------------------------------------

--
-- Structure de la table `img_mh`
--

CREATE TABLE IF NOT EXISTS `img_mh` (
  `nom_mh` varchar(60) NOT NULL,
  `nom_img` varchar(60) NOT NULL,
  PRIMARY KEY (`nom_mh`)
) ENGINE=MyISAM DEFAULT CHARSET=latin1;

--
-- Contenu de la table `img_mh`
--

INSERT INTO `img_mh` (`nom_mh`, `nom_img`) VALUES
('Villa du Square', 'villa_du_square_pres.jpg'),
('Villa Belza', 'villa_belza_pres.jpg'),
('La Maison de Molière', 'la_maison_de_moliere_pres.jpg'),
('Demeure M', 'demeure_m_pres.jpg'),
('Bonne Nuit Paris', 'bonne_nuit_paris_pres.jpg'),
('Au Cœur Caraïbe St-Barth', 'au_coeur_caraibes_pres.jpg'),
('Casa del Sole', 'casa_del_sole_pres.jpg'),
('Casa Sarrinca', 'casa_sarrinca_pres.jpg'),
('Villa Goeland', 'villa_goeland_pres.jpg'),
('Villa Montabord', 'villa_montabord_pres.jpg'),
('Les Loges du Théâtre', 'les_loges_du_theatre.jpg'),
('Les Chambres d''Annie', 'les_chambres_d_annie.jpg'),
('Château Eza', 'chateau_eza.jpg'),
('My Home For You', 'my_home_for_you.jpg'),
('Les Aurochs', 'les_aurochs.jpg'),
('Château des Salles', 'chateau_des_salles.jpg'),
('Château Meyre', 'chateau_meyre.jpg'),
('L''Arene Bordeaux', 'l''arene_bordeaux.jpg'),
('Villa Arguibel', 'villa_arguibel.jpg'),
('Château de Riverie', 'chateau_riverie.jpg'),
('Domaine du Chalet', 'domaine_du_chalet.jpg'),
('Demeure des Sacres', 'demeure_des_sacres.jpg'),
('Manoir de la Baronnie', 'manoir_de_la_baronnie.jpg'),
('Les Bruyères du Mont Saint-Michel', 'les_bruyeres_du_mont.jpg'),
('Domaine des Saints Pères', 'domaine_des_saint_peres.jpg'),
('Le Clos Marcamps', 'le_clos_marcamps.jpg'),
('Villa Laurina', 'villa_laurina.jpg'),
('La Suite Villa', 'la_suite_villa.jpg');

-- --------------------------------------------------------

--
-- Structure de la table `img_ville`
--

CREATE TABLE IF NOT EXISTS `img_ville` (
  `ville` varchar(60) NOT NULL,
  `nom_img` varchar(60) NOT NULL
) ENGINE=MyISAM DEFAULT CHARSET=latin1;

--
-- Contenu de la table `img_ville`
--

INSERT INTO `img_ville` (`ville`, `nom_img`) VALUES
('Paris', 'paris1.jpg'),
('Paris', 'paris3.jpg');

-- --------------------------------------------------------

--
-- Structure de la table `maison_hote`
--

CREATE TABLE IF NOT EXISTS `maison_hote` (
  `nom_mh` varchar(60) NOT NULL,
  `ville` varchar(60) NOT NULL,
  `dist_aero` int(11) NOT NULL,
  `description_mh` text NOT NULL,
  `adresse_mh` text NOT NULL,
  `note_mh` text NOT NULL,
  PRIMARY KEY (`nom_mh`),
  UNIQUE KEY `nom_mh` (`nom_mh`)
) ENGINE=InnoDB DEFAULT CHARSET=latin1;

--
-- Contenu de la table `maison_hote`
--

INSERT INTO `maison_hote` (`nom_mh`, `ville`, `dist_aero`, `description_mh`, `adresse_mh`, `note_mh`) VALUES
('Au Coeur Caraïbe St Barth', 'Saint-Barthelemy', 20, 'Quality services, calm, resting and peaceful. Comfortable bedroom. King size bed, air conditioned, bathroom, small kitchen all equipped, flat screen, DVD, Wi-Fi, big patio, 2 exotics swimming pool, private parking, exceptional sea view.', '<iframe src="https://www.google.com/maps/embed?pb=!1m18!1m12!1m3!1d3796.518371796331!2d-62.80968278502806!3d17.907960487768577!2m3!1f0!2f0!3f0!3m2!1i1024!2i768!4f13.1!3m3!1m2!1s0x8c0ddfe93fa2ac03%3A0x44d6325f3574d325!2sAu+Coeur+Caraibe+St+Barth!5e0!3m2!1sfr!2sfr!4v1490275066150" frameborder="0" style="" allowfullscreen></iframe>', '<div id="TA_cdsratingsonlywide217" class="TA_cdsratingsonlywide">\r\n<ul id="nSdATf" class="TA_links jBdD9Gjz">\r\n<li id="pX5VC7ZohDN" class="FS0VXdh">\r\n<a target="_blank" href="https://www.tripadvisor.com/"><img src="https://www.tripadvisor.com/img/cdsi/img2/branding/tripadvisor_logo_transp_340x80-18034-2.png" alt="TripAdvisor"/></a>\r\n</li>\r\n</ul>\r\n</div>\r\n<script src="https://www.jscache.com/wejs?wtype=cdsratingsonlywide&amp;uniq=217&amp;locationId=8714831&amp;lang=en_US&amp;border=true&amp;shadow=true&amp;display_version=2"></script>'),
('Bonne Nuit Paris', 'Paris', 50, 'Built in 1609, under the reign of Henry IV, on a ground sold by the Grand Prayer of the Temple, the Archduke of Angouleme, then transform after the Revolution into a small 5 floors building, our establishment will welcome you for your stay in “The city of Lights”.<br />\r\nLocated in the historical neighbourhood of the Marais, you can go for a walk to discover many private hotels and its cultural places, stroll in shopping areas and art gallery, and hanging out in outdoor pubs or restaurants tables.<br />\r\nYou wish to enjoy a full stay in discoveries and emotions, so don’t hesitate and come discover our guesthouse in Montmartre.', '<iframe src="https://www.google.com/maps/embed?pb=!1m18!1m12!1m3!1d2624.7085664892875!2d2.3613292157356165!3d48.863767479288086!2m3!1f0!2f0!3f0!3m2!1i1024!2i768!4f13.1!3m3!1m2!1s0x47e66e065deacba5%3A0xadd230e6fa51bb11!2sBonne+Nuit+Paris!5e0!3m2!1sfr!2sfr!4v1488278648021" frameborder="0" style="" allowfullscreen></iframe>', '<div id="TA_cdsratingsonlywide754" class="TA_cdsratingsonlywide">\r\n<ul id="CzoDWVTzNTVX" class="TA_links AT7F8cgS43r">\r\n<li id="KrhJXngB" class="eKjYOoN0Dn">\r\n<a target="_blank" href="https://www.tripadvisor.com/"><img src="https://www.tripadvisor.com/img/cdsi/img2/branding/tripadvisor_logo_transp_340x80-18034-2.png" alt="TripAdvisor"/></a>\r\n</li>\r\n</ul>\r\n</div>\r\n<script src="https://www.jscache.com/wejs?wtype=cdsratingsonlywide&amp;uniq=754&amp;locationId=1012229&amp;lang=en_US&amp;border=true&amp;shadow=true&amp;display_version=2"></script>'),
('Casa del Sole', 'Corse', 25, 'There are places where we don’t come accidently. There are hidden and unsuspected places that are peaceful, calm and warm and preciously discreet, breath this atmosphere like island, this feeling of the end of the world and lost paradise.\r\nAround the beautiful golf of Favone, La Casa del Sol is in the heart of sublime landscape, while close to Solenzara and at tens kilometres of Porto-Vecchio or even Bonifacio.', '<iframe src="https://www.google.com/maps/embed?pb=!1m18!1m12!1m3!1d2975.2998640325427!2d9.394189015507148!3d41.77875077923018!2m3!1f0!2f0!3f0!3m2!1i1024!2i768!4f13.1!3m3!1m2!1s0x12d992246a8c453d%3A0xf29017ca0c2fd330!2sVilla+Casa+Del+Sole!5e0!3m2!1sfr!2sfr!4v1488278819873" frameborder="0" style="" allowfullscreen></iframe>', ''),
('Casa Sarrinca', 'Corse', 20, 'In south Corse, on the Lords land, Serra di Scopamena is the highest of Alta Rocca, at 900 meters’ altitude. Here was born the guesthouse Casa Sarrinca, owned by Francine, originally from Valinco and by Catherine, originally from Serra, birthplace of her maternal family.<br />\r\nYou are in the heart of a pleasant village of mountain, but you’ll forget sooner because the house has an impressing view on the valley Rizzanese and calm.<br />\r\nCasa Sarrinca is an ancient granite house all renewed; ideally situated in the middle of Serra di Sacopamena, behind the church beach.<br />\r\nEverything was thought faithfully to make us want to stay: the colours, the fabrics, the objects were well chosen to preserve the harmony of this place.', '<iframe src="https://www.google.com/maps/embed?pb=!1m18!1m12!1m3!1d2976.5143982228283!2d9.096970315506367!3d41.75256597923238!2m3!1f0!2f0!3f0!3m2!1i1024!2i768!4f13.1!3m3!1m2!1s0x12da25d5d0597219%3A0xad780b93d99a40a9!2sCASA+SARRINCA!5e0!3m2!1sfr!2sfr!4v1488278933641" frameborder="0" style="" allowfullscreen></iframe>', '<div id="TA_cdsratingsonlywide94" class="TA_cdsratingsonlywide">\r\n<ul id="Cp1kcfv" class="TA_links WN3cLlIrzetM">\r\n<li id="CZiqwSc" class="kQnkR6kORuWH">\r\n<a target="_blank" href="https://www.tripadvisor.com/"><img src="https://www.tripadvisor.com/img/cdsi/img2/branding/tripadvisor_logo_transp_340x80-18034-2.png" alt="TripAdvisor"/></a>\r\n</li>\r\n</ul>\r\n</div>\r\n<script src="https://www.jscache.com/wejs?wtype=cdsratingsonlywide&amp;uniq=94&amp;locationId=7987035&amp;lang=en_US&amp;border=true&amp;shadow=true&amp;display_version=2"></script>\r\n'),
('Château de Riverie', 'Lyon', 10, 'Construit au XIème siècle dans les Monts du Lyonnais, le château de Riverie domine l’agglomération lyonnaise \r\net offre un panorama sur le Pilat, la Vallée du Rhône et la chaîne des Alpes.<br />\r\nSituée au cœur du village médiéval très calme où de nombreuses ruelles convergent vers le chemin de ronde, notre maison d''hotes de charme vous attend pour un séjour touristique, une étape lors d’un déplacement privé ou professionnel.', '<iframe src="https://www.google.com/maps/embed?pb=!1m18!1m12!1m3!1d2791.56255115253!2d4.586269315626898!3d45.599337979102735!2m3!1f0!2f0!3f0!3m2!1i1024!2i768!4f13.1!3m3!1m2!1s0x47f4f95f5a748d71%3A0x981f19cdacbc3b0e!2sChambres+et+Table+d&#39;H%C3%B4tes+Riverie+69+-+Rh%C3%B4ne+Alpes+-+Ch%C3%A2teau+de+Riverie!5e0!3m2!1sfr!2sfr!4v1490282733837" frameborder="0" style="" allowfullscreen></iframe>', '<div id="TA_cdsratingsonlywide18" class="TA_cdsratingsonlywide">\r\n<ul id="kBXYaZHM6U" class="TA_links ocSinM">\r\n<li id="NDnC25Z" class="QmiJLqW">\r\n<a target="_blank" href="https://www.tripadvisor.com/"><img src="https://www.tripadvisor.com/img/cdsi/img2/branding/tripadvisor_logo_transp_340x80-18034-2.png" alt="TripAdvisor"/></a>\r\n</li>\r\n</ul>\r\n</div>\r\n<script src="https://www.jscache.com/wejs?wtype=cdsratingsonlywide&amp;uniq=18&amp;locationId=7060304&amp;lang=en_US&amp;border=true&amp;shadow=true&amp;display_version=2"></script>'),
('Château des Salles', 'Bordeaux', 20, 'You will receive a warm and smiling welcome to this friendly and elegant family home from your charming hostess, Sylvie Couillaud.<br />\r\nYou may visit the Bordeaux and Cognac vineyards, choose to spend a day by the beach or discover the Romanesque churches before coming back to enjoy « La vie de Château ».', '<iframe src="https://www.google.com/maps/embed?pb=!1m18!1m12!1m3!1d2797.8847908536695!2d-0.7129441843772482!3d45.4721246791011!2m3!1f0!2f0!3f0!3m2!1i1024!2i768!4f13.1!3m3!1m2!1s0x4801ae439c539503%3A0xff29cef767842b97!2sCh%C3%A2teau+Des+Salles!5e0!3m2!1sfr!2sfr!4v1490280895923"  frameborder="0" style="" allowfullscreen></iframe>', '<div id="TA_cdsratingsonlywide207" class="TA_cdsratingsonlywide">\r\n<ul id="uVxu8grjLXrh" class="TA_links HcBrFphs">\r\n<li id="q2EBLs8j1" class="NlVjNCaXW">\r\n<a target="_blank" href="https://www.tripadvisor.com/"><img src="https://www.tripadvisor.com/img/cdsi/img2/branding/tripadvisor_logo_transp_340x80-18034-2.png" alt="TripAdvisor"/></a>\r\n</li>\r\n</ul>\r\n</div>\r\n<script src="https://www.jscache.com/wejs?wtype=cdsratingsonlywide&amp;uniq=207&amp;locationId=325297&amp;lang=en_US&amp;border=true&amp;shadow=true&amp;display_version=2"></script>'),
('Château Eza', 'French Riviera', 20, 'Of all the hotels on the Cote d''Azur, Château Eza is the most stunning, with its Gourmet Restaurant, tucked away in Eze in one of the most enchanting locations on the Côte d''Azur. The 14 intimate rooms and suites of this 400-year- old Chateau, also a former residence to a Swedish Prince, offer epic vistas over the Cote d''Azur, often from private balconies and terraces, as does Chateau Eza''s Gourmet restaurant, itself overlooking the sun-kissed horizons of the FRENCH RIVIERA.<br />\r\nExquisite and intimate, the 14 rooms and suites château clings to the side of the ancient rock walls of Eze, a thousand-year- old medieval village more than 400 meters above the Mediterranean Sea. The hotel Chateau Eza offers 14 luxurious rooms and suites, each of them uniquely designed in the tradition of the castle.', '<iframe src="https://www.google.com/maps/embed?pb=!1m18!1m12!1m3!1d2883.176801952261!2d7.3587799155671965!3d43.72765387911876!2m3!1f0!2f0!3f0!3m2!1i1024!2i768!4f13.1!3m3!1m2!1s0x12cdc36617d44f31%3A0xb9256013b19ae7d8!2sCh%C3%A2teau+Eza!5e0!3m2!1sfr!2sfr!4v1488379495531" frameborder="0" style="" allowfullscreen></iframe>', '<div id="TA_cdsratingsonlywide827" class="TA_cdsratingsonlywide">\r\n<ul id="f5HKkJv" class="TA_links kIJr6oC">\r\n<li id="0mMYAZ" class="ZS5bhoARi">\r\n<a target="_blank" href="https://www.tripadvisor.com/"><img src="https://www.tripadvisor.com/img/cdsi/img2/branding/tripadvisor_logo_transp_340x80-18034-2.png" alt="TripAdvisor"/></a>\r\n</li>\r\n</ul>\r\n</div>\r\n<script src="https://www.jscache.com/wejs?wtype=cdsratingsonlywide&amp;uniq=827&amp;locationId=233655&amp;lang=en_US&amp;border=true&amp;shadow=true&amp;display_version=2"></script>\r\n'),
('Château Meyre', 'Bordeaux', 15, 'Located in the heart of Medoc, right next to the famous Margaux vineyards, Château Meyre has been growing vines for more than three centuries.<br />\r\nOur estate is listed among the very finest wineries in Medoc since 1876.<br />\r\nWe cover 17 hectares of the best plots of land in Avensan. In 1992, the domain was expanded to the Margaux area through a 2 hectares acquisition of wines.<br />\r\nSince 2011 we’ve been labialised organic wine. Our organic wines and vineyard are complimented by our organic surroundings.<br />\r\nOur “Terroir” has accomplished the authenticity and success of our organic wine.', '<iframe src="https://www.google.com/maps/embed?pb=!1m18!1m12!1m3!1d2819.833186769578!2d-0.7690601843915362!3d45.02831167909815!2m3!1f0!2f0!3f0!3m2!1i1024!2i768!4f13.1!3m3!1m2!1s0x4801d8311a03b7af%3A0x2a1586302fd44b99!2sChateau+Meyre!5e0!3m2!1sfr!2sfr!4v1490282259626" frameborder="0" style="" allowfullscreen></iframe>', '<div id="TA_cdsratingsonlywide838" class="TA_cdsratingsonlywide">\r\n<ul id="LqzcksSQy" class="TA_links wWbPAMJAVUyA">\r\n<li id="9WWEBix2k8" class="qdSem8STyGG">\r\n<a target="_blank" href="https://www.tripadvisor.com/"><img src="https://www.tripadvisor.com/img/cdsi/img2/branding/tripadvisor_logo_transp_340x80-18034-2.png" alt="TripAdvisor"/></a>\r\n</li>\r\n</ul>\r\n</div>\r\n<script src="https://www.jscache.com/wejs?wtype=cdsratingsonlywide&amp;uniq=838&amp;locationId=589012&amp;lang=en_US&amp;border=true&amp;shadow=true&amp;display_version=2"></script>'),
('Demeure des Sacres', 'Reims', 12, 'Near the gates of the Cathedral, the private hotel located at 29 rue Libergier was built end of 19th century and the lounge in the art-déco style (reconstruction of Reims after World War I).<br />\r\nRecently restored as a luxury guest house called “La Demeure des Sacres”, it is an exceptional site.<br />\r\nWith around 500 sq m of liveable space, ceilings over 3.30 meters high (11 feet) and its large 450 sq m garden, it brings calm and comfort right in the city centre.<br />\r\nThis guest house of character offers four bedrooms (including two suites). You will be warmly welcomed by our family.<br />\r\nAn art-déco guest lounge is available for resting, reading or enjoying a home-made snack or brunch, together with a glass of champagne.', '<iframe src="https://www.google.com/maps/embed?pb=!1m18!1m12!1m3!1d2604.2922444674455!2d4.027634115748907!3d49.25190647932804!2m3!1f0!2f0!3f0!3m2!1i1024!2i768!4f13.1!3m3!1m2!1s0x47e97454800bf539%3A0x902e865f8f33259b!2sLa+Demeure+des+Sacres!5e0!3m2!1sfr!2sfr!4v1490284149385" frameborder="0" style="" allowfullscreen></iframe>', '<div id="TA_cdsratingsonlywide537" class="TA_cdsratingsonlywide">\r\n<ul id="If4Cj5lbqQ5b" class="TA_links mYSylk1rHd">\r\n<li id="N4tAxm" class="wxjzCVptL85">\r\n<a target="_blank" href="https://www.tripadvisor.com/"><img src="https://www.tripadvisor.com/img/cdsi/img2/branding/tripadvisor_logo_transp_340x80-18034-2.png" alt="TripAdvisor"/></a>\r\n</li>\r\n</ul>\r\n</div>\r\n<script src="https://www.jscache.com/wejs?wtype=cdsratingsonlywide&amp;uniq=537&amp;locationId=4372138&amp;lang=en_US&amp;border=true&amp;shadow=true&amp;display_version=2"></script>'),
('Demeure M', 'Strasbourg', 20, 'Pavilion located in Strasbourg, ideal for family stay, between friends, or for business travel.<br />\r\nCome cover an incredible range of activity as you desire.<br />\r\nEither you are looking for a comfy, a high-class comfort zone or a romantic escapade, an excursion to relax, to taste local specialities or to simply visit Strasbourg, there is something for everyone.<br />\r\nStart off your day gently with breakfast of the clubhouse and let yourself transported to an extraordinary trip of flavours in gourmet restaurant at the residence;<br />\r\nFor the most tense and anxious ones, nothing is better than a small relaxation at the Spa M du Pavilion for a nice resting and relax moment.<br />\r\nAt the M residence, your desires will be fulfilled.', '<iframe src="https://www.google.com/maps/embed?pb=!1m18!1m12!1m3!1d2639.068592869895!2d7.739056515726244!3d48.58938547926207!2m3!1f0!2f0!3f0!3m2!1i1024!2i768!4f13.1!3m3!1m2!1s0x4796c848a2052921%3A0xbe6503dd4fbb45ce!2sDemeure+M+%7C+Maison+d&#39;H%C3%B4tes+Strasbourg!5e0!3m2!1sfr!2sfr!4v1488279003589" frameborder="0" style="" allowfullscreen></iframe>', '<div id="TA_cdsratingsonlywide822" class="TA_cdsratingsonlywide">\r\n<ul id="Zt7INC" class="TA_links jl2mzjeol0Ng">\r\n<li id="pxTcU1u2" class="5mouItc4Vl">\r\n<a target="_blank" href="https://www.tripadvisor.com/"><img src="https://www.tripadvisor.com/img/cdsi/img2/branding/tripadvisor_logo_transp_340x80-18034-2.png" alt="TripAdvisor"/></a>\r\n</li>\r\n</ul>\r\n</div>\r\n<script src="https://www.jscache.com/wejs?wtype=cdsratingsonlywide&amp;uniq=822&amp;locationId=10403825&amp;lang=en_US&amp;border=true&amp;shadow=true&amp;display_version=2"></script>'),
('Domaine des Saints Pères', 'Haute-Savoie', 10, 'A 19th century mansion in the heart of the Savoyard countryside, just 10 minutes from Chambéry, Les Saints Pères is turning hospitality into an art form. A certain lifestyle, a special way of taking care of guests… welcome to this unique and unusual establishment! If you are looking for a charming, comfortable residence that good taste and refinement has transformed into a hotel... just follow the guide.<br />\r\nIf you are looking for a gift, or simply want to treat yourself, we have gift boxes available : a stay at the Domaine des Saints Pères or an unforgettable romantic dinner...', '<iframe src="https://www.google.com/maps/embed?pb=!1m18!1m12!1m3!1d2794.729530496692!2d5.908150115624827!3d45.53564807910191!2m3!1f0!2f0!3f0!3m2!1i1024!2i768!4f13.1!3m3!1m2!1s0x478ba99d99c096f7%3A0x30e9163348c4b55!2sDomaine+des+Saints+P%C3%A8res!5e0!3m2!1sfr!2sfr!4v1490284673367" frameborder="0" style="" allowfullscreen></iframe>', ''),
('Domaine du Chalet', 'Reims', 17, 'Built in 1860 and completed in 1864, Le Chalet, used to be Madame POMMERY''s residence. She was the creator of this prestigious Champagne and is at the origin of the village name.<br />\r\nIn 1902, the president Emile LOUBET, after a visit at Le Chalet, discovered Madame POMMERY''s passion for roses and in the bulletin for official announcements, a presidential revue was issued : Chigny became Chigny les Roses.<br />\r\nThis great house combines an elegant architecture and a savoury rustic charm as its name indicates. It covery the top of the hillside. <br />\r\nAt breakfast time, invitation to travel... in the middle of the Champagne vineyards in this wonderful cuisine that reveals some very pretty views or escape the time of a reading by the fire of the lounge woodwork field Chalet invite you to spend pleasant moments of relaxation and enjoyment...', '<iframe src="https://www.google.com/maps/embed?pb=!1m18!1m12!1m3!1d2609.4169611480897!2d4.0563586157455465!3d49.15469337931766!2m3!1f0!2f0!3f0!3m2!1i1024!2i768!4f13.1!3m3!1m2!1s0x47e9718a8aa13463%3A0x24cdb0c52ca3b446!2sDomaine+du+Chalet!5e0!3m2!1sfr!2sfr!4v1490283950979" frameborder="0" style="" allowfullscreen></iframe>', '<div id="TA_cdsratingsonlywide616" class="TA_cdsratingsonlywide">\r\n<ul id="jTaYHiU" class="TA_links KIkVShM">\r\n<li id="cuK0zN2" class="G6EX76To">\r\n<a target="_blank" href="https://www.tripadvisor.com/"><img src="https://www.tripadvisor.com/img/cdsi/img2/branding/tripadvisor_logo_transp_340x80-18034-2.png" alt="TripAdvisor"/></a>\r\n</li>\r\n</ul>\r\n</div>\r\n<script src="https://www.jscache.com/wejs?wtype=cdsratingsonlywide&amp;uniq=616&amp;locationId=4808576&amp;lang=en_US&amp;border=true&amp;shadow=true&amp;display_version=2"></script>'),
('Fare Pea Iti', 'French Polynesia', 20, 'A few minutes with the private boat of Fare Pea Iti Lodge from the airport of its sister Raiatea island, Taha''a looks like a huge colorful and fragrant garden where vanilla, precious orchid reigns princess. This is indeed Taha''a that occurred more than 80% of the famous Tahitian vanilla, the favorite variety of true connoisseurs. Planters willingly introduce visitors to the complex rituals of this spice, which you can inhale the sweet fragrance and captivating in every corner of the island. An island with authentic charm: Time seems to have stopped at Taha''a, secret and wild island that looks like a large, lush garden. The houses blend into this dream and just walk along Ferry paths to discover exuberant flora and largely preserved.<br />\r\nAn island with authentic charm: Time seems to have stopped at Taha''a, secret and wild island that looks like a large, lush garden. The houses blend into this dream and just walk along Ferry paths to discover exuberant flora and largely preserved.', '<iframe src="https://www.google.com/maps/embed?pb=!1m18!1m12!1m3!1d3823.909769461422!2d-151.48858048504576!3d-16.581048888566535!2m3!1f0!2f0!3f0!3m2!1i1024!2i768!4f13.1!3m3!1m2!1s0x76bd8367309580e7%3A0x4aecf67ae312c371!2sFare+Pea+Iti!5e0!3m2!1sfr!2sfr!4v1490267507534" frameborder="0" style="" allowfullscreen></iframe>', '<div id="TA_cdsratingsonlywide439" class="TA_cdsratingsonlywide">\r\n<ul id="y03zWxOxyB" class="TA_links vCjazBblvS">\r\n<li id="P4EhovDsyik" class="DIswumNYiyel">\r\n<a target="_blank" href="https://www.tripadvisor.com/"><img src="https://www.tripadvisor.com/img/cdsi/img2/branding/tripadvisor_logo_transp_340x80-18034-2.png" alt="TripAdvisor"/></a>\r\n</li>\r\n</ul>\r\n</div>\r\n<script src="https://www.jscache.com/wejs?wtype=cdsratingsonlywide&amp;uniq=439&amp;locationId=653107&amp;lang=en_US&amp;border=true&amp;shadow=true&amp;display_version=2"></script>\r\n'),
('L''Arene Bordeaux', 'Bordeaux', 15, 'Completely renovated in 2012, This XIX century Bordeaux bourgeois house combines the warmth of ancient stone houses and up to date comfort.<br />\r\nA patio offers opportunities to relax in summer, to drink a glass of Bordeaux wine while tasting “foie gras”, spannish ham or french cheese.<br />\r\nOn a wine tour or going south for holidays, in the city for business, just spending a couple of days, l’Arène will be the best break you can expect.', '<iframe src="https://www.google.com/maps/embed?pb=!1m18!1m12!1m3!1d2828.7426050750346!2d-0.5856656843973447!3d44.847174979098476!2m3!1f0!2f0!3f0!3m2!1i1024!2i768!4f13.1!3m3!1m2!1s0xd5527e06703954b%3A0x252d764002b8adcb!2sMaison+d&#39;h%C3%B4tes+l&#39;Ar%C3%A8ne+de+Bordeaux!5e0!3m2!1sfr!2sfr!4v1488279076089" frameborder="0" style="" allowfullscreen></iframe>', '<div id="TA_cdsratingsonlywide944" class="TA_cdsratingsonlywide">\r\n<ul id="piselO" class="TA_links 92S1Hvn">\r\n<li id="pIXgEL" class="ViGYRI8">\r\n<a target="_blank" href="https://www.tripadvisor.com/"><img src="https://www.tripadvisor.com/img/cdsi/img2/branding/tripadvisor_logo_transp_340x80-18034-2.png" alt="TripAdvisor"/></a>\r\n</li>\r\n</ul>\r\n</div>\r\n<script src="https://www.jscache.com/wejs?wtype=cdsratingsonlywide&amp;uniq=944&amp;locationId=3297893&amp;lang=en_US&amp;border=true&amp;shadow=true&amp;display_version=2"></script>'),
('La Maison de Moliere', 'French Riviera', 12, 'Close to the Camargue and the Alpilles, located in the historical center of Arles, this large and elegant 18th century house is an invitation to leisure.\r\nWhether in the shade of its inner courtyard'' s arches, in its library / living room or en suite bedrooms with air conditionning, the house will offer you a well deserved harmony between cultural visits, leisure and life style.<br />\r\nThe rooms come appointed with high-end amenities such as Quagliotti, for linens, Annick Goutal with its Eau d''Hadrien and Oyuna for its cachemires, selected for their know-how and quality requirements.<br />\r\nYou can privatize the Maison Molière, with your family or friends and we can organize tailor-made programs for the duration of your stay.<br />\r\nThe atmosphere of La Maison Molière is one of leisure and calm and is therefore highly inadequate for children.', '<iframe src="https://www.google.com/maps/embed?pb=!1m14!1m8!1m3!1d11542.785558835194!2d4.6239272!3d43.6752838!3m2!1i1024!2i768!4f13.1!3m3!1m2!1s0x0%3A0x36e269d78ed44c4e!2sLa+Maison+Moli%C3%A8re!5e0!3m2!1sfr!2sfr!4v1488279204363" frameborder="0" style="" allowfullscreen></iframe>', ''),
('La Suite Villa', 'Martinique', 13, 'Discover the French Antilles by staying at the Suite Villa, a five star hotel with suites, villas, restaurant and swimming pool. If you ‘ve been looking for a good spot among the Martinique Hotels and especially the luxury hotels, stop searching and visit our rooms and villas.<br />\r\nYou will see why guest choose La Suite Villa for their Martinique Holidays and why the travellers on Tripadvisor rank this hotel as one of the best hotels in Martinique.', '<iframe src="https://www.google.com/maps/embed?pb=!1m18!1m12!1m3!1d3861.924780688105!2d-61.053701685070614!3d14.546293989837073!2m3!1f0!2f0!3f0!3m2!1i1024!2i768!4f13.1!3m3!1m2!1s0x8c401de3d7080b45%3A0x362d618655d53f88!2sLa+Suite+Villa!5e0!3m2!1sfr!2sfr!4v1490374205346" frameborder="0" style="" allowfullscreen></iframe>', '<div id="TA_cdsratingsonlywide33" class="TA_cdsratingsonlywide">\r\n<ul id="Q6mU4cV8" class="TA_links dwwqn54O">\r\n<li id="Zwo1ID" class="NFEohd9">\r\n<a target="_blank" href="https://www.tripadvisor.com/"><img src="https://www.tripadvisor.com/img/cdsi/img2/branding/tripadvisor_logo_transp_340x80-18034-2.png" alt="TripAdvisor"/></a>\r\n</li>\r\n</ul>\r\n</div>\r\n<script src="https://www.jscache.com/wejs?wtype=cdsratingsonlywide&amp;uniq=33&amp;locationId=1637765&amp;lang=en_US&amp;border=true&amp;shadow=true&amp;display_version=2"></script>'),
('Le Clos Marcamps', 'Bordeaux', 10, 'In the heart of the vineyards of Bordeaux, half an hour from Bordeaux and Saint-Emilion, or also one hour and half from the Arcachon Bay, Clos Marcamps welcomes you in a chartreuse of the 19th century, entirely renovated with the charm and the comfort of today. This attractive guest house greets you such as a family home within its park, planted with hundred-year-old species where you will find quietness and serenity and where the children are pleased to find swing, swimming pool, rabbits, hens there…<br />\r\nThis charming property offers you 2 family suites and two classic rooms, all with terrace and independent entrance. They are decorated with charm and authenticity with a special care to the second-hand objects, which embellish the place. For your comfort this attractive guesthouse offers you cable television, Wi-Fi, kettle, Nespresso® machine and air conditioning in the rooms.', '<iframe src="https://www.google.com/maps/embed?pb=!1m18!1m12!1m3!1d2819.4832332546753!2d-0.49987058466388323!3d45.035414869972875!2m3!1f0!2f0!3f0!3m2!1i1024!2i768!4f13.1!3m3!1m2!1s0x480029a8393345ff%3A0xc27ac56ed0d07416!2sCLOS+MARCAMPS+-+H%C3%B4tel+de+charme+-+Ch%C3%A2teaux+et+H%C3%B4tels+Collection!5e0!3m2!1sfr!2sfr!4v1490367556654" frameborder="0" style="" allowfullscreen></iframe>', '<div id="TA_cdsratingsonlywide341" class="TA_cdsratingsonlywide">\r\n<ul id="8t9WHxl" class="TA_links RKLqUe">\r\n<li id="rnc43lwYWzs" class="P9jdM2gnxrC3">\r\n<a target="_blank" href="https://www.tripadvisor.com/"><img src="https://www.tripadvisor.com/img/cdsi/img2/branding/tripadvisor_logo_transp_340x80-18034-2.png" alt="TripAdvisor"/></a>\r\n</li>\r\n</ul>\r\n</div>\r\n<script src="https://www.jscache.com/wejs?wtype=cdsratingsonlywide&amp;uniq=341&amp;locationId=6373337&amp;lang=en_US&amp;border=true&amp;shadow=true&amp;display_version=2"></script>'),
('Les Aurochs', 'French Riviera', 15, 'At the heart of the Gulf of Saint- Tropez, this old sheepfold, out of sight and near the castle of grimaud, will seduce you with its tranquility.<br />\r\nThe guesthouse "The Aurochs " offers a real moment of authenticity, simplicity and sweetness.<br />\r\nLean back, the atmosphere and the welcoming hosts will make the rest!<br />\r\nHere, we enjoy life, we have a laugh around the swimming pool, we share a glass of rosé, a cocktail dinner, for a weekend or a week, with friends or family, you will feel delighted.<br />\r\nYour only regret: that you eventually must leave us.<br />\r\nOur five Holiday cottages and our 2 guest rooms with a refined decoration, have air conditioning for hot summer nights, a mini bar for a drink or to celebrate a magical moment.<br />\r\nIn the shade of palm trees, sun lovers can safely relax around the swimming pool.', '<iframe src="https://www.google.com/maps/embed?pb=!1m18!1m12!1m3!1d2904.3160329048637!2d6.518357315553424!3d43.286702979135605!2m3!1f0!2f0!3f0!3m2!1i1024!2i768!4f13.1!3m3!1m2!1s0x12cec9c48f9488af%3A0x3c1ec5ca6759e972!2sLES+AUROCHS!5e0!3m2!1sfr!2sfr!4v1490349608513" frameborder="0" style="" allowfullscreen></iframe>', '<div id="TA_cdsratingsonlywide204" class="TA_cdsratingsonlywide">\r\n<ul id="G7rSxA24" class="TA_links DmSw6Ecv4So">\r\n<li id="SWMmjOX" class="AYF2uZeI">\r\n<a target="_blank" href="https://www.tripadvisor.com/"><img src="https://www.tripadvisor.com/img/cdsi/img2/branding/tripadvisor_logo_transp_340x80-18034-2.png" alt="TripAdvisor"/></a>\r\n</li>\r\n</ul>\r\n</div>\r\n<script src="https://www.jscache.com/wejs?wtype=cdsratingsonlywide&amp;uniq=204&amp;locationId=4607584&amp;lang=en_US&amp;border=true&amp;shadow=true&amp;display_version=2"></script>'),
('Les Bruyères du Mont Saint-Michel', 'Normandie', 30, 'Our house is located 12 km from the Wonder of the West<br />\r\nThe old farmhouse is ideally located between St Malo and Granville. Ideal starting point to visit Normandy and Brittany. Less than 15 minutes away, Mont-St-Michel will impress you with its exceptional location in the heart of the Bay, where the powerful tides are among the fastest in the world.<br />\r\nCancale, Saint Malo, Granville, Fougères and Rennes are less than an hour''s drive away.<br />\r\nCalm and serenity in our guest rooms.<br />\r\nTo make the most of your stay in Les Bruyères du Mont, the large garden with trees and flowers, closed, welcomes you and offers you rest and relaxation.', '<iframe src="https://www.google.com/maps/embed?pb=!1m18!1m12!1m3!1d1704979.1550291476!2d-2.868907643430964!3d48.51305860936419!2m3!1f0!2f0!3f0!3m2!1i1024!2i768!4f13.1!3m3!1m2!1s0x480954acdede638b%3A0xc9cfe1bbc1613bf!2sChambres+d&#39;h%C3%B4tes+Les+Bruy%C3%A8res+du+Mont!5e0!3m2!1sfr!2sfr!4v1490281615592"  frameborder="0" style="" allowfullscreen></iframe>', '<div id="TA_cdsratingsonlywide943" class="TA_cdsratingsonlywide">\r\n<ul id="kPPF4F" class="TA_links 3IGt0FdtlT5a">\r\n<li id="XcsxcM" class="QXsv9GU3T">\r\n<a target="_blank" href="https://www.tripadvisor.com/"><img src="https://www.tripadvisor.com/img/cdsi/img2/branding/tripadvisor_logo_transp_340x80-18034-2.png" alt="TripAdvisor"/></a>\r\n</li>\r\n</ul>\r\n</div>\r\n<script src="https://www.jscache.com/wejs?wtype=cdsratingsonlywide&amp;uniq=943&amp;locationId=7395384&amp;lang=en_US&amp;border=true&amp;shadow=true&amp;display_version=2"></script>'),
('Les Chambres d''Annie', 'Deauville', 20, 'Located between sea and sky, a few minutes’ drive to Deauville and Honfleur, our guest bedroom benefit of an exceptional environment and an access to the sea in a few minutes in feet. In Annie’s room, every morning is a party.\r\nHanging from the sky, our guest home a side the sea. Soon as you arrive, you will bath or take a shower watching the sea, wearing silk bathrobes, warming the water for a tea….the rest of the story is yours !\r\nAnnie’s room, the luxury and elegance without ostentation.', '<iframe src="https://www.google.com/maps/embed?pb=!1m18!1m12!1m3!1d2596.9703123135564!2d0.10685581575362652!3d49.390553579343205!2m3!1f0!2f0!3f0!3m2!1i1024!2i768!4f13.1!3m3!1m2!1s0x47e02ceb0fd0af2d%3A0xd93a2fcae6b76341!2sLes+Chambres+d&#39;Annie!5e0!3m2!1sfr!2sfr!4v1488279335184" frameborder="0" style="" allowfullscreen></iframe>', '<div id="TA_cdsratingsonlywide867" class="TA_cdsratingsonlywide">\r\n<ul id="CtyBW2TZrdy" class="TA_links rOggiA3xRxm">\r\n<li id="Pf3n8LJuycFY" class="gpTHha9Vq8Zg">\r\n<a target="_blank" href="https://www.tripadvisor.com/"><img src="https://www.tripadvisor.com/img/cdsi/img2/branding/tripadvisor_logo_transp_340x80-18034-2.png" alt="TripAdvisor"/></a>\r\n</li>\r\n</ul>\r\n</div>\r\n<script src="https://www.jscache.com/wejs?wtype=cdsratingsonlywide&amp;uniq=867&amp;locationId=1739996&amp;lang=en_US&amp;border=true&amp;shadow=true&amp;display_version=2"></script>'),
('Les Loges du Théâtre', 'Lyon', 15, 'Les loges du Théâtre vous proposent 4 chambres doubles et une suite familiale au centre ville de Lyon avec parking privatif. Profitez toute l’année du spa extérieur & des autres prestations réservées aux hôtes.\r\nIdéal pour découvrir Lyon & la Croix Rousse ou pour vos déplacements professionnels, n’hésitez pas à réserver une chambre d’hôte digne d’un hôtel dans le centre-ville de Lyon !', '<iframe src="https://www.google.com/maps/embed?pb=!1m18!1m12!1m3!1d2782.5922487722773!2d4.830822415632742!3d45.77936137910588!2m3!1f0!2f0!3f0!3m2!1i1024!2i768!4f13.1!3m3!1m2!1s0x47f4eae1c2eb4d4b%3A0x18a21e1c61201afb!2sChambres+d&#39;h%C3%B4tes+Les+Loges+Du+Th%C3%A9%C3%A2tre!5e0!3m2!1sfr!2sfr!4v1488381254973" frameborder="0" style="" allowfullscreen></iframe>', '<div id="TA_cdsratingsonlywide230" class="TA_cdsratingsonlywide">\r\n<ul id="rj73KjOt1gn" class="TA_links 5MpQcuKdApGs">\r\n<li id="BXOheS" class="IeLu0m">\r\n<a target="_blank" href="https://www.tripadvisor.com/"><img src="https://www.tripadvisor.com/img/cdsi/img2/branding/tripadvisor_logo_transp_340x80-18034-2.png" alt="TripAdvisor"/></a>\r\n</li>\r\n</ul>\r\n</div>\r\n<script src="https://www.jscache.com/wejs?wtype=cdsratingsonlywide&amp;uniq=230&amp;locationId=4742057&amp;lang=en_US&amp;border=true&amp;shadow=true&amp;display_version=2"></script>'),
('Manoir de la Baronnie', 'Normandie', 12, 'Pour une courte escale, ou un séjour détente, le Manoir de La baronnie, vous ouvre ses chambres d''hôtes à St Malo, et vous accueille dans l’ambiance chaleureuse et authentique d’une grande maison de famille.<br />\r\nSituée à proximité immédiate des plages et du centre historique de St Malo, mais à l’écart de l’agitation touristique, le domaine vous propose ses chambres d’hôtes et gîtes  dans un cadre champêtre propice au repos et au ressourcement. Vous pourrez selon les saisons flâner dans le parc, bronzer au bord de la piscine, ou vous détendre dans le grand salon devant une bonne flambée.<br />\r\nPour une remise en forme sportive ou une relaxation en toute tranquillité, vous pourrez également profiter de notre spa en espace privatif.\r\nPour une expérience insolite, vous pourrez également passer la nuit dans une charmante petite roulotte Tzigane.', '<iframe src="https://www.google.com/maps/embed?pb=!1m18!1m12!1m3!1d2637.316659838817!2d-1.9992817842726076!3d48.62292217926509!2m3!1f0!2f0!3f0!3m2!1i1024!2i768!4f13.1!3m3!1m2!1s0x480e8154c427267b%3A0xa71c62b9c9b1edc8!2sManoir+de+la+Baronnie!5e0!3m2!1sfr!2sfr!4v1488376627310" frameborder="0" style="" allowfullscreen></iframe>', '<div id="TA_cdsratingsonlywide628" class="TA_cdsratingsonlywide">\r\n<ul id="7aujW0ON" class="TA_links 3tG7nPettO">\r\n<li id="9ncZhEfJG7r" class="zw06m5">\r\n<a target="_blank" href="https://www.tripadvisor.com/"><img src="https://www.tripadvisor.com/img/cdsi/img2/branding/tripadvisor_logo_transp_340x80-18034-2.png" alt="TripAdvisor"/></a>\r\n</li>\r\n</ul>\r\n</div>\r\n<script src="https://www.jscache.com/wejs?wtype=cdsratingsonlywide&amp;uniq=628&amp;locationId=2018543&amp;lang=en_US&amp;border=true&amp;shadow=true&amp;display_version=2"></script>'),
('My Home For You', 'Paris', 20, 'Envie de séjourner autrement à Paris ?\r\nChoisissez une maison d’hôtes urbaine où tout est réuni pour que vous vous sentiez chez vous. Votre hôte, Jean Étienne, vous accueille chaleureusement ! Son expérience professionnelle dans le tourisme parisien et dans l’hôtellerie de luxe lui ont donné l’envie d’imaginer ce nouveau lieu. Aujourd’hui, il vous invite à découvrir une adresse idéale pour vivre et découvrir différemment Paris.<br />\r\nMy Home For You est situé dans un bel immeuble édifié en 1875 au 10, Boulevard Poissonnière, dans le 9ème arrondissement, en plein cœur de Paris, face au cinéma Le Grand Rex.<br />\r\n4 chambres d''hôtes a été créées en 2015 dans un appartement entièrement rénové. Nous avons apporté un soin tout particulier au confort et à la décoration de chaque pièce, de chaque chambre. Meubles de famille ou chinés à Drouot ou chez les antiquaires, tableaux et gravures du 19e siècle, reproductions authentiques d’icônes du design. <br />\r\nChaque chambre vous plonge dans une atmosphère parisienne unique, inspirée par les quartiers parisiens (Palais Royal, Grands Boulevards, Trocadéro) ou encore par le Musée National des Arts Asiatiques - Guimet.', '<iframe src="https://www.google.com/maps/embed?pb=!1m18!1m12!1m3!1d2624.3245265696114!2d2.3447570157358455!3d48.87108967928882!2m3!1f0!2f0!3f0!3m2!1i1024!2i768!4f13.1!3m3!1m2!1s0x47e66e160b05be8b%3A0x4e2438c944ed6dd1!2sChambres+d&#39;h%C3%B4tes-B%26B+Paris+%22My+Home+For+You%22!5e0!3m2!1sfr!2sfr!4v1490195685904" frameborder="0" style="" allowfullscreen></iframe>', '<div id="TA_cdsratingsonlywide54" class="TA_cdsratingsonlywide">\r\n<ul id="R3E5yO8ukcOL" class="TA_links q4ZOOc1Yo8IE">\r\n<li id="JUFjpt8L1UQ1" class="008nVJ5">\r\n<a target="_blank" href="https://www.tripadvisor.com/"><img src="https://www.tripadvisor.com/img/cdsi/img2/branding/tripadvisor_logo_transp_340x80-18034-2.png" alt="TripAdvisor"/></a>\r\n</li>\r\n</ul>\r\n</div>\r\n<script src="https://www.jscache.com/wejs?wtype=cdsratingsonlywide&amp;uniq=54&amp;locationId=10062820&amp;lang=en_US&amp;border=true&amp;shadow=true&amp;display_version=2"></script>\r\n'),
('Villa Arguibel', 'Biarritz', 15, 'Maison d’hôtes de luxe :<br />\r\nArguibel à Guethary, près de Biarritz, allie luxe et design dans un concept qui se situe entre hôtel quatre étoiles et maison d''hôtes de prestige. Boutique hôtel ou chambre d''hôte de charme au bord de l''océan, vue sur mer ou sur montagnes du Pays Basque.<br />\r\nLa villa Arguibel propose cinq chambres dont deux suites, toutes au décor singulier qui marie avec harmonie meubles anciens revisités et design, peintures contemporaines et sculptures d''art, bois flotté pour le côté mer et peaux de bêtes pour le côté nature.<br />\r\nOn profitera de ses terrasses pour savourer les délicieux petits déjeuners et se reposer devant un décor magistral emprunt de sérénité, les montagnes et l''horizon en ligne de mire.<br />\r\nArguibel, ce n''est pas seulement une chambre d''hôte, mais c''est aussi de larges parties communes entièrement dédiées aux hôtes, son salon vous accueillera pour écouter de la musique ou discuter entre amis, sa bibliothèque et son bar privé à vins et champagnes vous attendront à l'' heure de vos envies, enfin son salon de lecture vous invitera à la détente. <br />\r\nLa villa Arguibel, entre Biarritz et St Jean de Luz, se situe à un kilomètre de l''océan et des plages Guéthary.<br />\r\nÉquipements les plus appréciés : Parking gratuit, Connexion Wi-Fi gratuite, Chambres non-fumeurs.\r\n', '<iframe src="https://www.google.com/maps/embed?pb=!1m18!1m12!1m3!1d3101923.2999439165!2d-4.832418311786236!3d42.47058806677543!2m3!1f0!2f0!3f0!3m2!1i1024!2i768!4f13.1!3m3!1m2!1s0xd5113f56719a647%3A0x64b72f698b758721!2sArguibel!5e0!3m2!1sfr!2sfr!4v1490283579721" frameborder="0" style="" allowfullscreen></iframe>', '<div id="TA_cdsratingsonlywide381" class="TA_cdsratingsonlywide">\r\n<ul id="4YmE7gCBd" class="TA_links OgPA3HvCi2Sw">\r\n<li id="IYCsb13R" class="ySnWJzZmF">\r\n<a target="_blank" href="https://www.tripadvisor.com/"><img src="https://www.tripadvisor.com/img/cdsi/img2/branding/tripadvisor_logo_transp_340x80-18034-2.png" alt="TripAdvisor"/></a>\r\n</li>\r\n</ul>\r\n</div>\r\n<script src="https://www.jscache.com/wejs?wtype=cdsratingsonlywide&amp;uniq=381&amp;locationId=1566677&amp;lang=en_US&amp;border=true&amp;shadow=true&amp;display_version=2"></script>'),
('Villa Belza', 'Reunion Island', 20, 'La villa Belza est un havre de paix où l''on se sent dans un univers de zénitude dès la traversée du portail.<br />\r\nLa décoration est faite avec goût et elle amène au repos et à la détente.<br />\r\nLa villa est magnifique, les chambres décorées avec goût et le jardin est resplendissant avec gros plus pour le jacuzzi!<br />\r\nNous vous accueillons dans un décor exotique où  se mêlent chaleur, et détente. Venez découvrir des saveurs tropicales à travers la gastronomie créole.<br />\r\nVous ne serez pas déçus à la Villa Belza.', '<iframe src="https://www.google.com/maps/embed?pb=!1m18!1m12!1m3!1d3716.604831219423!2d55.49534771502404!3d-21.32662548583774!2m3!1f0!2f0!3f0!3m2!1i1024!2i768!4f13.1!3m3!1m2!1s0x21780a73fc7fd413%3A0xec64592fa70c232f!2sVilla+Belza!5e0!3m2!1sfr!2sfr!4v1490262996586" frameborder="0" style="" allowfullscreen></iframe>', '<div id="TA_cdsratingsonlywide796" class="TA_cdsratingsonlywide">\r\n<ul id="m09V2P0z1w" class="TA_links RBd1M7i">\r\n<li id="GO9szUeOn1PH" class="v5FF1RGPmRCW">\r\n<a target="_blank" href="https://www.tripadvisor.com/"><img src="https://www.tripadvisor.com/img/cdsi/img2/branding/tripadvisor_logo_transp_340x80-18034-2.png" alt="TripAdvisor"/></a>\r\n</li>\r\n</ul>\r\n</div>\r\n<script src="https://www.jscache.com/wejs?wtype=cdsratingsonlywide&amp;uniq=796&amp;locationId=10093073&amp;lang=en_US&amp;border=true&amp;shadow=true&amp;display_version=2"></script>'),
('Villa du Square', 'Paris', 25, 'Private hotel, built in the years 20, which is in an upper class of 16th arrondissement in Paris.<br />\r\nAs Soon as you arrive, you will emerge in an original atmosphere, where contrast modern architectural and classicism of the house.<br />\r\nAt your convenience, you will find five comfortable bedrooms disposed for your optimum comfort.<br />\r\nA driver will be available to you for your visits, he will take you to the airport but also in touristic sites close to Paris.<br />\r\nIf you would like to rest, we will reserve relaxing sessions with a sport coach of the villa, Spa or Hamman sessions, or even swimming in the famous pool Molitor.<br />\r\nFor the cultural trendy, we will offer you cultural customize visit, to discover the story of Paris.<br />\r\nDo not wait any longer to make you happy; come enjoy fun moment in the 16th, upper class arrondissement of Paris.', '<iframe src="https://www.google.com/maps/embed?pb=!1m18!1m12!1m3!1d2625.3336109401093!2d2.262618215735212!3d48.85184847928693!2m3!1f0!2f0!3f0!3m2!1i1024!2i768!4f13.1!3m3!1m2!1s0x47e67ab1e5b6862f%3A0xc893dea8d083c8a5!2sVilla+Du+Square!5e0!3m2!1sfr!2sfr!4v1488279376977" frameborder="0" style="" allowfullscreen></iframe>', '<div id="TA_cdsratingsonlywide812" class="TA_cdsratingsonlywide">\r\n<ul id="bg0WOM2eE" class="TA_links Cwu7HoLb3">\r\n<li id="R5VBJ2yL2t" class="bOMQe4Yl">\r\n<a target="_blank" href="https://www.tripadvisor.com/"><img src="https://www.tripadvisor.com/img/cdsi/img2/branding/tripadvisor_logo_transp_340x80-18034-2.png" alt="TripAdvisor"/></a>\r\n</li>\r\n</ul>\r\n</div>\r\n<script src="https://www.jscache.com/wejs?wtype=cdsratingsonlywide&amp;uniq=812&amp;locationId=8117151&amp;lang=en_US&amp;border=true&amp;shadow=true&amp;display_version=2"></script>'),
('Villa Goeland', 'Biarritz', 15, 'Built in the XVIII century, the villa Montebello will become the villa Ravize and will get the latest architectural changes between the 1900 and 1903 and finally become the villa Goëland.<br />\r\nThis familial Place and its four guest bedrooms, with organise architectural is unbelievably placed at 50 meters from the most beautiful beaches of Biarritz.\r\nThe day will start with a breakfast and the masters of the house having jolly conversation.<br />\r\nYou can notice at proximity 3 beaches, many golf courses, the casino, the thalassotherapy and horse ride, a large choices of restaurants accessible walking (from the tapas bar to the various food) or even shopping, museum visits, to discover Basque culture and walks are waiting for you and will also allow you to spend memorable moments.<br />\r\nYou will take advantage of the big Livingroom with chimenea and panoramic terrace, giving you optimum view at 180° from Spain to the South coast Landaise to the North, going through the Pays Basque.', '<iframe src="https://www.google.com/maps/embed?pb=!1m18!1m12!1m3!1d2894.945383051869!2d-1.5684959844404742!3d43.482610179127505!2m3!1f0!2f0!3f0!3m2!1i1024!2i768!4f13.1!3m3!1m2!1s0xd516b257f8300ad%3A0x9663e1cac8c29ec6!2sVilla+le+Go%C3%A9land!5e0!3m2!1sfr!2sfr!4v1488279454147" frameborder="0" style="" allowfullscreen></iframe>', '<div id="TA_cdsratingsonlywide842" class="TA_cdsratingsonlywide">\r\n<ul id="AgCqN3eZB" class="TA_links xGFDK7Vewl0">\r\n<li id="z8cLBcnO6qs" class="I4hbno5dmeCi">\r\n<a target="_blank" href="https://www.tripadvisor.com/"><img src="https://www.tripadvisor.com/img/cdsi/img2/branding/tripadvisor_logo_transp_340x80-18034-2.png" alt="TripAdvisor"/></a>\r\n</li>\r\n</ul>\r\n</div>\r\n<script src="https://www.jscache.com/wejs?wtype=cdsratingsonlywide&amp;uniq=842&amp;locationId=312448&amp;lang=en_US&amp;border=true&amp;shadow=true&amp;display_version=2"></script>'),
('Villa Laurina', 'Reunion Island', 25, 'Un peu de magie solaire  :chaque soir le soleil se noit dans la baie de St Paul... A déguster sur notre terrasse. En fonction de la saison, il varie son point d’impact. Chaque soir, le ciel s’embrase et rougeoit. Vu de cette altitude, c’est un spectacle mémorable.<br />\r\nLa villa dispose d’un Gazebo d’où vous pourrez profiter confortablement du spectacle.<br />\r\nUn peu de romantisme : célébrez un mariage à la Villa Laurina est un privilège dont vos hôtes se souviendront longtemps. L’atmosphère particulière du lieu, le calme et un panorama grandiose concourent à vous procurer un réel sentiment de bonheur. Notre villa est un nid, une base d’envol pour les amoureux au sein d’un parc arboré de 2 hectares.<br />\r\nUn peu de frisson : si la tentation de l’aventure vous guette, sachez qu’une base de parapente est présente à 500m et que depuis le Maïdo, les randonnées sont possibles vers Mafate.', '<iframe src="https://www.google.com/maps/embed?pb=!1m18!1m12!1m3!1d3724.059203749864!2d55.31753431501932!3d-21.03031698599747!2m3!1f0!2f0!3f0!3m2!1i1024!2i768!4f13.1!3m3!1m2!1s0x2182857ca7cc0ba3%3A0xe7d2c2bbe9dbea1f!2sVilla+Laurina!5e0!3m2!1sfr!2sfr!4v1490369940401" frameborder="0" style="" allowfullscreen></iframe>', '<div id="TA_cdsratingsonlywide954" class="TA_cdsratingsonlywide">\r\n<ul id="WNTkyP5" class="TA_links OlxeYc8448ew">\r\n<li id="K7sb9qvHsHfP" class="7WGtQGuCt">\r\n<a target="_blank" href="https://www.tripadvisor.com/"><img src="https://www.tripadvisor.com/img/cdsi/img2/branding/tripadvisor_logo_transp_340x80-18034-2.png" alt="TripAdvisor"/></a>\r\n</li>\r\n</ul>\r\n</div>\r\n<script src="https://www.jscache.com/wejs?wtype=cdsratingsonlywide&amp;uniq=954&amp;locationId=9468380&amp;lang=en_US&amp;border=true&amp;shadow=true&amp;display_version=2"></script>'),
('Villa Montabord', 'Paris', 100, 'In the heart of Paris, close to Batignolles and at the foot of Montmartre, the villa Montabord is in a ravishing private area “La Cité des Fleurs”.\r\nWe will welcome you in the heart of our guesthouse for your stay in the French capital, where you will find four luxurious bedrooms, where architectural, ancient furniture’s will mix to offer you the ideal comfort and a unique peaceful mood \r\n\r\nCome move around on foot or with a bike in the charming neighbourhood of Montmartre, or in the plain of Monceau. Do not hesitate to take public transportation to discover the most touristic sites of Paris.\r\n\r\nLet’s discover the secrets of Paris, and make your journey a memorable moment in the Villa of Montabord.', '<iframe src="https://www.google.com/maps/embed?pb=!1m18!1m12!1m3!1d2623.250186216353!2d2.317217315736535!3d48.89156897929075!2m3!1f0!2f0!3f0!3m2!1i1024!2i768!4f13.1!3m3!1m2!1s0x47e66fac024ea99d%3A0xcb690ad92df0a041!2sChambres+d&#39;h%C3%B4tes+B%26B+Paris+Villa+Montabord!5e0!3m2!1sfr!2sfr!4v1488278513586" frameborder="0" style="" allowfullscreen></iframe>', '<div id="TA_cdsratingsonlywide821" class="TA_cdsratingsonlywide">\r\n<ul id="bhqgOU92T04a" class="TA_links C2rL4J">\r\n<li id="7OzDNl6On" class="4vnJiXIimtjd">\r\n<a target="_blank" href="https://www.tripadvisor.fr/"><img src="https://www.tripadvisor.fr/img/cdsi/img2/branding/tripadvisor_logo_transp_340x80-18034-2.png" alt="TripAdvisor"/></a>\r\n</li>\r\n</ul>\r\n</div>\r\n<script src="https://www.jscache.com/wejs?wtype=cdsratingsonlywide&amp;uniq=821&amp;locationId=7906143&amp;lang=eng_US&amp;border=true&amp;shadow=true&amp;display_version=2"></script>');

-- --------------------------------------------------------

--
-- Structure de la table `payments`
--

CREATE TABLE IF NOT EXISTS `payments` (
  `payment_id` int(11) NOT NULL AUTO_INCREMENT,
  `item_number` varchar(255) COLLATE utf8_unicode_ci NOT NULL,
  `txn_id` varchar(255) COLLATE utf8_unicode_ci NOT NULL,
  `payment_gross` float(10,2) NOT NULL,
  `currency_code` varchar(5) COLLATE utf8_unicode_ci NOT NULL,
  `payment_status` varchar(255) COLLATE utf8_unicode_ci NOT NULL,
  PRIMARY KEY (`payment_id`)
) ENGINE=InnoDB DEFAULT CHARSET=utf8 COLLATE=utf8_unicode_ci AUTO_INCREMENT=1 ;

-- --------------------------------------------------------

--
-- Structure de la table `products`
--

CREATE TABLE IF NOT EXISTS `products` (
  `id` int(11) NOT NULL AUTO_INCREMENT,
  `name` varchar(255) COLLATE utf8_unicode_ci NOT NULL,
  `image` varchar(255) COLLATE utf8_unicode_ci NOT NULL,
  `price` float(10,2) NOT NULL,
  `status` tinyint(1) NOT NULL DEFAULT '1',
  PRIMARY KEY (`id`)
) ENGINE=InnoDB DEFAULT CHARSET=utf8 COLLATE=utf8_unicode_ci AUTO_INCREMENT=1 ;

-- --------------------------------------------------------

--
-- Structure de la table `reservation`
--

CREATE TABLE IF NOT EXISTS `reservation` (
  `num_res` int(11) NOT NULL AUTO_INCREMENT,
  `num_client` int(11) NOT NULL,
  `date_debut` date NOT NULL,
  `date_fin` date NOT NULL,
  `nom_chambre` varchar(60) NOT NULL,
  `nom_mh` varchar(60) NOT NULL,
  `nom_activite` varchar(60) NOT NULL,
  `prix_res` int(11) NOT NULL,
  PRIMARY KEY (`num_res`)
) ENGINE=MyISAM DEFAULT CHARSET=latin1 AUTO_INCREMENT=1 ;

-- --------------------------------------------------------

--
-- Structure de la table `ville`
--

CREATE TABLE IF NOT EXISTS `ville` (
  `ville` varchar(60) NOT NULL,
  `description_ville` text NOT NULL,
  `id` varchar(60) NOT NULL
) ENGINE=MyISAM DEFAULT CHARSET=latin1;

--
-- Contenu de la table `ville`
--

INSERT INTO `ville` (`ville`, `description_ville`, `id`) VALUES
('Biarritz', 'Costal city, Biarritz is universally known for its Thalassotherapy, appeared in the years of 1970.\r\nFrom its many activities, Biarritz is the ideal place for a family vacation or to enjoy swimming activities: surfing, long beach walk with the scenographer lightening of the Eiffel tour. Pierre Bideau, is famous for being the best surf spot.\r\nFor the sportive ones, Biarritz is recognized as the historical capital in the Europeans continent.\r\nBiarritz also rime with golf. The amateur of golf will have many choices from 10 golfs in a 50-km square.\r\nIt’s really a city with diverse activities to make everyone happy, from the youngest to the oldest.', 'Biarritz'),
('Deauville', 'The city of elegant entertainment and good taste can receive, where everyone can find his happiness. \r\nInescapable short stop of boaters, the seaside resort internationally famous know how to charm his visitors with class, between the guests, his casino and sea swim establishment.\r\nThe 653 meters of woods the walk offer an astonish view, sun light with clouds, and the reflexion of the water, lay in a colourful site. Transat and beach cabin are the necessary accessories to admire this beautiful board which take a new dimension during the American movie festival. With the rich program of the international centre, the small city can brag about being a cultural pole in first plan.\r\nThe image of Deauville, is of course the horse ride, the race, that attract the passionate and the profanes.', 'Deauville'),
('Bordeaux', 'Come visit the city of wine, capital of the biggest winery of, France, very well known for his wine, trademark.\r\nYou will reside in a cosmopolitan city, where the wine and gastronomy go together.\r\nThe identity of Bordeaux, you will find it in its important prints in the wine making.\r\nEither you are a wine lover like the Sauternes, Saint Emilion, or Chateaux Margaux, or you would like to amaze your senses or your taste buzz, our homes in Bordeaux will delight you with wine tasting around the finest ones.', 'Bordeaux'),
('Strasbourg', 'Located in the eastern of France, and being among the patrimony heritage worldwide, Strasbourg is considered in France as being the Christmas capital because of its exceptional Christmas market, which it’s been famous for 445 years.\r\nWith New York and Geneva, Strasbourg is one of the city which welcome the international institutions without being the state capital.\r\nYou will also discover a rich gastronomy invented since 1780.\r\nCome enjoy choucoutre, flambé or the famous foie gras in convivial taverns, where you will find fine Alsatians beers created since 1268.\r\nEither you into castle, bike riding, good restaurant: you can do it all.\r\nStrasbourg deserve your visit.', 'Strasbourg'),
('Paris', 'Capital of France, Paris is not only known to be the prettiest city in the world. Paris is also a mix of harmonious art, fashion, literature and gastronomy.\r\nA cultural exceptional harmony with a rich historical stamp and ancient architectural, built in huge edifice like the famous Eiffel tour or the cathedral Notre dame de Paris*\r\nBreathing fresh essence or walking in the street of Paris, savouring French baguette or croissant for breakfast, admiring the architectural beauty, discovering a new mentality and meeting Parisians will make your escapade memorable.\r\nParis will transfer you its positive energy.', 'Paris'),
('Haute-Savoie', 'Made of Lake Annecy, and Leman, the Haute-Savoie is a French Region, amazingly known for its fresh mountain air and it skiing stations. The Haute-Savoie will ravish you in summer or winter because of its huge massif like the Mont Blanc.\r\nIt’s a famous department for its winter sports and for the amateurs of summer hiking.\r\nYou will delight the savours traditional locales like “The fondue” or “The raclette”, in a warm place, next to the fire, in your chalet.\r\nYou will discover the Savoyards products made local from French territory.', 'Haute_Savoie'),
('French Riviera', 'In 1923, two young rich Americans, Gerald and Sara Murphy discovered the beauty of the city Antibes, unknown at the time, they convinced the boss of the Cap Hotel to remain open on summer, while most of the notable were coming in winter. \r\nThe Murphy invited many of their notable’s friends such as Pablo Picasso or Hernest Hemingway who made that region appreciated, and it became the place where everybody wanted to be seen.\r\nThat is how the appellation “French-Riviera” was born, the English appellation is “Cote d’ Azur” which represent the oriental part of the littoral Mediterranean including Monaco.\r\nThroughout your visit, we will show you a magnify part of France, to move, discover Saint Tropez, Cannes, travel the path of the littoral looking for a nice creek.\r\nBut also, the “Cote d’Azur”, its inside Collins is full of well-preserved zone.\r\nThe “French Riviera «is beautiful small villages unknow to the big public, it’s a must discover, mostly for it amazing beautiful blue sky.\r\nSpend your vacation in Cote d’Azur, is giving yourself beautiful and amazing natural sites to see.', 'French_Riviera'),
('Reunion Island', 'Located in the archipelago of Mascarenes, the Reunion island, offer to the travellers a total escape in a tropical island of the Indian ocean. On the influential crossroad of Africa, Asia, and Europe, the Reunion is a land of mix cultures.\r\nAt the Reunion island, swim in the Grand Bleu, it is leaving a magical meeting with the whales and the dolphins, it is witnessing the sunset on the ocean, it is jumping to discover the wealth of the fauna and the flora underwater, an astonishing moonlight set, a ground of hard floor, land covered in orange, brown stones are waiting for you.  \r\nThe Reunion is a land of contrast images, landscape, populations, cooking’s, and religions. Its traditions show a unique history of the Reunion.\r\nIf you like to discover heaven on earth, do not hesitate and fly for the Reunion.', 'Reunion_Island'),
('French Polynesia', 'Located in the heart of the Pacific Ocean, the French Polynesia, lay on a maritime space of 4 million per KM², a surface like Europe.\r\nThe French Polynesia enchanted generations of explorer, writers, travellers, painters.\r\nThe magnify decors is there to comfort the image of Eden found. The high island rise majestically on top of the opal lagoons.\r\nBetween the parties and festivals, the mythology and the beliefs, the archeologic discovery and historical, the Polynesian art, the dance and the choreography, and the tattoos, they is something to please anybody.\r\nDiscover the local specialities, enjoy yourself on traditional rhythms at the beach with spectacular choreographies.\r\nLet yourself transported in beautiful places and leave to discover famous islands like Tahiti, Bora Bora for a great time.\r\nThe Polynesia is only waiting for you! ', 'French_Polynesia'),
('Corse', 'Commonly called « beauty island » for her natural unique patrimony and her sunny weather.\r\nHeavenly looking beaches at the interior of most hidden villages. Corse is a beautiful island with many secrets and savage force. It’s an island with astonish places in summer, enjoy the walk and many nautical activities and during the long winter soak in the deep Corse, discover the making of local products and appreciate the Corse wine while learning the language spoken there, Italian.\r\nCorse will seduce you for a memorable escapade.', 'Corse'),
('Lyon', 'The wealth of Lyon come from his big variety of architectural styles, from Gallo-Roman to modern years.\r\nNext to Beaujolais, Alpes and the Massif Central and the Provence, Lyon is perfect to make discovery in the central of France.\r\nFestival, concert, there is always something going on in this city that exist for 2000 years.\r\nAfter Paris, Lyon is the first gay friendly city of France.\r\nNature, gastronomy and landscape go very well with this city, that you can visit with your friends and family.', 'Lyon'),
('Martinique', 'MartiniqueIn the heart of the Caribbean archipelago, Martinique is a part of the "Lesser Antilles" also known as the "Island in the wind". Its shores are bathed by the Caribbean Sea in the West and by the Atlantic Ocean in the East. Its closest neighbours are: Saint Lucia (situated in 40 kilometres) to the south and Dominica (situated in 25 kilometres) to the north, close enough for you to see them in good weather. The Martinique offers a mild climate of the "eternal summer", with an average annual temperature of 26 ° C. You can relax on a beach, go for walks, discover the Martinique culture, or even do some water activities, for the most courageous. Let yourself be carried away by this exotic atmosphere, Caribbean gastronomy and the festive atmosphere that reigns on the Island throughout the year. Martinique is waiting for you!!', 'Martinique'),
('Arles', 'Un patrimoine romain et roman, ville de van Gogh, Capitale de la Camargue et chaque année le rendez vous de la photographie, de la musique, de la tauromachie... \r\nArles est une ville d’art et d’histoire, classée par l’UNESCO comme Patrimoine mondial de l’Humanité à triple titre : \r\n- pour son centre ancien et l’ensemble de ses monuments romains et romans, \r\n- en tant que Chemin de St Jacques de Compostelle (également Chemin de Rome et de Jérusalem). Le Chemin d’Arles est depuis le Moyen Age l’une des quatre voies traversant la France et l’Europe vers St Jacques, \r\n- en tant qu’espace naturel d’intérêt mondial : inscription de la Camargue au réseau mondial des Réserves biosphères.', 'Arles'),
('Saint-Barthelemy', 'Between the natural luxury and the art of living, chosen by many celebrities in the world, Saint Barthelemy impose itself as the French Antilles island of the moment. This small island was named “Bartolomeo” from the name of Christopher Columbus brother. Originally from a population who are very attached to their traditions, you will meet extraordinary people who will welcome you warm fully.<br />\r\nAccordion, Tambourine, maracas, and neighbourhood party, fun rhythm and the joy of life of his habitants.<br />\r\nYou will land in a luxurious island, in an idyllic property where you will savour local. You will also discover artisanal work, also the work of wheat straw use to make hats.<br />\r\nEither you would like to get married or just to spend heavenly vacation, St Barthelemy is waiting for you.', 'saint-barthelemy'),
('Reims', 'A Reims, l’histoire s’étend sur plus de 2000 ans. Vous n''imaginez pas ce qui vous attend !\nDe l’époque gallo-romaine à maintenant, Reims a joué un rôle central dans l’Histoire. Pour en avoir le cœur net, il suffit d’observer le patrimoine de la ville.\nReims, capitale romaine, Reims, cité des sacres des rois de France, Reims, ville martyre de la Première Guerre Mondiale, Reims, laboratoire architectural, Reims, symbole de paix et de réconciliation... Autant d’expressions pour désigner une ville aux multiples facettes, capitale du Nord de l’Empire Romain, siège du baptême de Clovis et des sacres royaux, bombardée et détruite à 80% pendant la GRANDE GUERRE , reconstruite dans les années 20-30 dans le style ART-DÉCO , siège du quartier général d’Eisenhower, où l’Allemagne nazie a signé sa capitulation le 7 mai 1945, puis où en 1962 a été célébrée la réconciliation entre la France et l’Allemagne. Les 3 sites classés au  PATRIMOINE MONDIAL DE L''UNESCO , les  MONUMENTS  et  MUSÉES  de la ville et de ses alentours témoignent de ce passé historique.\n\nCoronation City, Champagne town... Reims iseager to show you the legacy of itsgloriouspast and to lead youinto a prestigiousrealm of the mostcelebrated and festive of wines.\nReims, an Art and History City, opens up to youwithitsthree UNESCO World Heritage sites whichshould not bemissed.\nStrollthrough the streets of Reims, by day or by night : many sites, monuments and museums show the history of Reims, from the Gallo-Roman to the modern era, goingthrough the Art Decoperiod.\n', 'Reims'),
('Normandie', 'The Normandy is known as a haven of peace. Between the sea and the country, it offers you a multitude of magnificent sceneries. With its rich history, Normandy is highly appreciated by tourists, due to its famous sea resorts, its nature and local products.\nIts 600 km long cost, offers a view on its majestic cliffs, its marvellous sand beaches, it famous sea resorts, such as Deauville, Dieppe, Cabourg, Le Touquet, Etretat, Fécamp, Trouville, Honfleur. The region itself is rich in history and has much more to share: the numerous Abbayes (Mont Saint Michel), the castles, the ruins, the Bayeux tapestry, military cemeteries, monuments and legendary disembarkation beaches.\nLes Hautes d’Etretat is a lovely place, locatedat a few metersfrom the famous Etretat city. Known for itscliffs and pebblebeaches, place of inspiration for manyrenownedartists, this place isperfect if youwish to change thescenery.\n\nThis charming mansion willofferyouhigh class services whilemainteningitsgenuine soul. Come and enjoy the soothingatmosphereofourrooms all having a terrace and ourgardenthatwillmakeyoudiscover the French « Art de Vivre ».\nwith a gardenview.\n\nNo matter the seasonyouwillbeseduced by Les Hauts d’Etretat !\n', 'Normandie'),
('Saint Barth', '', 'Saint-barth'),
('Marseille', 'Marseille, also known as "the gate to the world", is the oldest city in France – built around its important commercial port. Founded in 600 BC by Greek sailors of Phocaea, Marseille is the first port of France. It is also the main quarters of an archbishop, the city of university and the capital of the departments Bouches-du-Rhone. The city owes its expansion and prosperity to its port, which is an important trans-shipment point with goods destined for North Africa and Asia, especially the petol that occupies an eminent position.', 'Marseille');

/*!40101 SET CHARACTER_SET_CLIENT=@OLD_CHARACTER_SET_CLIENT */;
/*!40101 SET CHARACTER_SET_RESULTS=@OLD_CHARACTER_SET_RESULTS */;
/*!40101 SET COLLATION_CONNECTION=@OLD_COLLATION_CONNECTION */;
